N,threads,tempo_sequencial,tempo_concorrente,aceleracao,eficiencia,primos_encontrados
1000,1,0.000239,0.000115,2.083140,2.083140,168
1000,1,0.000248,0.000089,2.785741,2.785741,168
1000,1,0.000222,0.000133,1.660027,1.660027,168
1000,1,0.000343,0.000125,2.748628,2.748628,168
1000,1,0.000325,0.000170,1.917681,1.917681,168
1000,1,0.000272,0.000135,2.013675,2.013675,168
1000,1,0.000258,0.000088,2.919130,2.919130,168
1000,1,0.000238,0.000104,2.299873,2.299873,168
1000,1,0.000342,0.000170,2.014061,2.014061,168
1000,1,0.000243,0.000138,1.765462,1.765462,168
1000,1,0.000311,0.000143,2.178271,2.178271,168
1000,1,0.000267,0.000067,3.983905,3.983905,168
1000,1,0.000308,0.000144,2.132757,2.132757,168
1000,1,0.000229,0.000126,1.818425,1.818425,168
1000,1,0.000221,0.000133,1.657206,1.657206,168
1000,1,0.000249,0.000130,1.912073,1.912073,168
1000,1,0.000257,0.000158,1.626563,1.626563,168
1000,1,0.000278,0.000151,1.837280,1.837280,168
1000,1,0.000266,0.000115,2.321256,2.321256,168
1000,1,0.000261,0.000146,1.780542,1.780542,168
1000,1,0.000225,0.000161,1.394365,1.394365,168
1000,1,0.000373,0.000127,2.939318,2.939318,168
1000,1,0.000248,0.000110,2.259319,2.259319,168
1000,1,0.000233,0.000145,1.606316,1.606316,168
1000,1,0.000415,0.000087,4.768413,4.768413,168
1000,1,0.000284,0.000163,1.741620,1.741620,168
1000,1,0.000269,0.000105,2.569878,2.569878,168
1000,1,0.000231,0.000162,1.424687,1.424687,168
1000,1,0.000294,0.000172,1.704703,1.704703,168
1000,1,0.000217,0.000112,1.948681,1.948681,168
1000,1,0.000246,0.000147,1.675554,1.675554,168
1000,1,0.000221,0.000147,1.503649,1.503649,168
1000,1,0.000241,0.000087,2.783411,2.783411,168
1000,1,0.000209,0.000127,1.654733,1.654733,168
1000,1,0.000227,0.000143,1.585937,1.585937,168
1000,1,0.000252,0.000160,1.571137,1.571137,168
1000,1,0.000282,0.000183,1.536828,1.536828,168
1000,1,0.000282,0.000148,1.909543,1.909543,168
1000,1,0.000257,0.000130,1.984244,1.984244,168
1000,1,0.000211,0.000103,2.045729,2.045729,168
1000,1,0.000223,0.000090,2.472935,2.472935,168
1000,1,0.000248,0.000090,2.755490,2.755490,168
1000,1,0.000211,0.000099,2.129790,2.129790,168
1000,1,0.000254,0.000101,2.512283,2.512283,168
1000,1,0.000278,0.000107,2.591158,2.591158,168
1000,1,0.000292,0.000219,1.338220,1.338220,168
1000,1,0.000269,0.000149,1.808134,1.808134,168
1000,1,0.000332,0.000157,2.112525,2.112525,168
1000,1,0.000373,0.000167,2.229339,2.229339,168
1000,1,0.000329,0.000124,2.652913,2.652913,168
1000,2,0.000293,0.000160,1.825253,0.912626,168
1000,2,0.000212,0.000167,1.265328,0.632664,168
1000,2,0.000250,0.000155,1.610355,0.805177,168
1000,2,0.000260,0.000147,1.765057,0.882528,168
1000,2,0.000248,0.000187,1.329804,0.664902,168
1000,2,0.000224,0.000086,2.605900,1.302950,168
1000,2,0.000243,0.000127,1.918727,0.959364,168
1000,2,0.000251,0.000160,1.569583,0.784792,168
1000,2,0.000184,0.000170,1.083479,0.541740,168
1000,2,0.000219,0.000175,1.251088,0.625544,168
1000,2,0.000238,0.000093,2.550526,1.275263,168
1000,2,0.000246,0.000195,1.261636,0.630818,168
1000,2,0.000309,0.000124,2.499118,1.249559,168
1000,2,0.000254,0.000155,1.636098,0.818049,168
1000,2,0.000211,0.000204,1.034402,0.517201,168
1000,2,0.000255,0.000142,1.797196,0.898598,168
1000,2,0.000285,0.000192,1.482157,0.741078,168
1000,2,0.000273,0.000171,1.591671,0.795836,168
1000,2,0.000239,0.000164,1.456930,0.728465,168
1000,2,0.000283,0.000084,3.389273,1.694636,168
1000,2,0.000225,0.000169,1.329752,0.664876,168
1000,2,0.000262,0.000124,2.116472,1.058236,168
1000,2,0.000250,0.000204,1.225060,0.612530,168
1000,2,0.000215,0.000225,0.957049,0.478524,168
1000,2,0.000272,0.000112,2.419448,1.209724,168
1000,2,0.000303,0.000210,1.444850,0.722425,168
1000,2,0.000257,0.000179,1.434930,0.717465,168
1000,2,0.000232,0.000159,1.459826,0.729913,168
1000,2,0.000290,0.000126,2.303549,1.151774,168
1000,2,0.000252,0.000131,1.918593,0.959297,168
1000,2,0.000206,0.000125,1.651046,0.825523,168
1000,2,0.000237,0.000126,1.887567,0.943783,168
1000,2,0.000309,0.000176,1.759041,0.879520,168
1000,2,0.000293,0.000163,1.796275,0.898137,168
1000,2,0.000254,0.000177,1.441160,0.720580,168
1000,2,0.000238,0.000141,1.684356,0.842178,168
1000,2,0.000210,0.000134,1.562073,0.781036,168
1000,2,0.000280,0.000170,1.645135,0.822568,168
1000,2,0.000242,0.000074,3.286272,1.643136,168
1000,2,0.000173,0.000122,1.419915,0.709957,168
1000,2,0.000257,0.000158,1.628042,0.814021,168
1000,2,0.000270,0.000172,1.569913,0.784957,168
1000,2,0.000216,0.000183,1.181224,0.590612,168
1000,2,0.000238,0.000150,1.594134,0.797067,168
1000,2,0.000213,0.000162,1.310751,0.655376,168
1000,2,0.000247,0.000138,1.787339,0.893670,168
1000,2,0.000263,0.000100,2.632538,1.316269,168
1000,2,0.000206,0.000151,1.362696,0.681348,168
1000,2,0.000235,0.000167,1.402303,0.701152,168
1000,2,0.000213,0.000100,2.136883,1.068441,168
1000,4,0.000293,0.000153,1.917590,0.479398,168
1000,4,0.000266,0.000204,1.303320,0.325830,168
1000,4,0.000260,0.000174,1.490016,0.372504,168
1000,4,0.000322,0.000129,2.488185,0.622046,168
1000,4,0.000245,0.000174,1.413838,0.353459,168
1000,4,0.000232,0.000227,1.021475,0.255369,168
1000,4,0.000253,0.000190,1.331821,0.332955,168
1000,4,0.000233,0.000225,1.033238,0.258310,168
1000,4,0.000276,0.000206,1.340287,0.335072,168
1000,4,0.000256,0.000197,1.297355,0.324339,168
1000,4,0.000306,0.000196,1.560360,0.390090,168
1000,4,0.000273,0.000206,1.323846,0.330961,168
1000,4,0.000326,0.000191,1.707388,0.426847,168
1000,4,0.000241,0.000155,1.552642,0.388161,168
1000,4,0.000351,0.000212,1.659318,0.414830,168
1000,4,0.000220,0.000219,1.003579,0.250895,168
1000,4,0.000274,0.000173,1.586436,0.396609,168
1000,4,0.000226,0.000338,0.666595,0.166649,168
1000,4,0.000249,0.000148,1.685756,0.421439,168
1000,4,0.000290,0.000269,1.077375,0.269344,168
1000,4,0.000227,0.000204,1.116463,0.279116,168
1000,4,0.000270,0.000165,1.641274,0.410318,168
1000,4,0.000205,0.000185,1.108372,0.277093,168
1000,4,0.000263,0.000126,2.088908,0.522227,168
1000,4,0.000227,0.000167,1.361722,0.340430,168
1000,4,0.000207,0.000187,1.104375,0.276094,168
1000,4,0.000229,0.000237,0.965462,0.241366,168
1000,4,0.000217,0.000172,1.261295,0.315324,168
1000,4,0.000292,0.000284,1.027885,0.256971,168
1000,4,0.000299,0.000154,1.941757,0.485439,168
1000,4,0.000278,0.000179,1.548198,0.387050,168
1000,4,0.000299,0.000193,1.550704,0.387676,168
1000,4,0.000268,0.000211,1.273574,0.318393,168
1000,4,0.000248,0.000149,1.662909,0.415727,168
1000,4,0.000251,0.000186,1.355392,0.338848,168
1000,4,0.000237,0.000113,2.092060,0.523015,168
1000,4,0.000340,0.000209,1.623721,0.405930,168
1000,4,0.000325,0.000230,1.410298,0.352574,168
1000,4,0.000283,0.000230,1.228945,0.307236,168
1000,4,0.000242,0.000164,1.479849,0.369962,168
1000,4,0.000225,0.000209,1.075705,0.268926,168
1000,4,0.000295,0.000199,1.487073,0.371768,168
1000,4,0.000258,0.000196,1.316233,0.329058,168
1000,4,0.000255,0.000215,1.185030,0.296258,168
1000,4,0.000258,0.000204,1.261367,0.315342,168
1000,4,0.000263,0.000216,1.213729,0.303432,168
1000,4,0.000214,0.000301,0.710664,0.177666,168
1000,4,0.000345,0.000199,1.734210,0.433553,168
1000,4,0.000204,0.000199,1.027128,0.256782,168
1000,4,0.000281,0.000248,1.132722,0.283181,168
1000,8,0.000241,0.000200,1.205744,0.150718,168
1000,8,0.000244,0.000288,0.844358,0.105545,168
1000,8,0.000346,0.000326,1.058989,0.132374,168
1000,8,0.000375,0.000354,1.059446,0.132431,168
1000,8,0.000310,0.000176,1.759117,0.219890,168
1000,8,0.000309,0.000311,0.992537,0.124067,168
1000,8,0.000232,0.000311,0.743589,0.092949,168
1000,8,0.000246,0.000280,0.878068,0.109759,168
1000,8,0.000254,0.000275,0.922490,0.115311,168
1000,8,0.000249,0.000211,1.177829,0.147229,168
1000,8,0.000242,0.000221,1.095936,0.136992,168
1000,8,0.000227,0.000202,1.125413,0.140677,168
1000,8,0.000260,0.000311,0.838157,0.104770,168
1000,8,0.000246,0.000247,0.995957,0.124495,168
1000,8,0.000271,0.000176,1.543206,0.192901,168
1000,8,0.000259,0.000334,0.773421,0.096678,168
1000,8,0.000270,0.000447,0.605374,0.075672,168
1000,8,0.000262,0.000263,0.995287,0.124411,168
1000,8,0.000229,0.000381,0.599582,0.074948,168
1000,8,0.000287,0.000295,0.971676,0.121459,168
1000,8,0.000260,0.000282,0.923550,0.115444,168
1000,8,0.000220,0.000207,1.063413,0.132927,168
1000,8,0.000258,0.000293,0.880379,0.110047,168
1000,8,0.000247,0.000195,1.267860,0.158482,168
1000,8,0.000257,0.000264,0.971879,0.121485,168
1000,8,0.000196,0.000384,0.511738,0.063967,168
1000,8,0.000314,0.000328,0.956141,0.119518,168
1000,8,0.000344,0.000245,1.405173,0.175647,168
1000,8,0.000274,0.000259,1.059514,0.132439,168
1000,8,0.000310,0.000323,0.959323,0.119915,168
1000,8,0.000318,0.000352,0.903826,0.112978,168
1000,8,0.000235,0.000276,0.849681,0.106210,168
1000,8,0.000254,0.000248,1.023645,0.127956,168
1000,8,0.000338,0.000276,1.225168,0.153146,168
1000,8,0.000255,0.000563,0.452932,0.056617,168
1000,8,0.000298,0.000280,1.063815,0.132977,168
1000,8,0.000279,0.000261,1.067970,0.133496,168
1000,8,0.000224,0.000224,1.001533,0.125192,168
1000,8,0.000250,0.000230,1.086589,0.135824,168
1000,8,0.000275,0.000343,0.801395,0.100174,168
1000,8,0.000292,0.000356,0.820901,0.102613,168
1000,8,0.000216,0.000294,0.734521,0.091815,168
1000,8,0.000242,0.000223,1.086049,0.135756,168
1000,8,0.000237,0.000352,0.673454,0.084182,168
1000,8,0.000355,0.000302,1.177362,0.147170,168
1000,8,0.000247,0.000223,1.108925,0.138616,168
1000,8,0.000246,0.000288,0.855597,0.106950,168
1000,8,0.000296,0.000312,0.951167,0.118896,168
1000,8,0.000267,0.000294,0.908145,0.113518,168
1000,8,0.000218,0.000266,0.819598,0.102450,168
1000,12,0.000277,0.000382,0.726058,0.060505,168
1000,12,0.000245,0.000331,0.739004,0.061584,168
1000,12,0.000301,0.000354,0.851296,0.070941,168
1000,12,0.000242,0.000328,0.737863,0.061489,168
1000,12,0.000320,0.000408,0.783271,0.065273,168
1000,12,0.000256,0.000335,0.764294,0.063691,168
1000,12,0.000213,0.000459,0.463870,0.038656,168
1000,12,0.000317,0.000350,0.908190,0.075682,168
1000,12,0.000372,0.000278,1.341205,0.111767,168
1000,12,0.000414,0.000373,1.110584,0.092549,168
1000,12,0.000328,0.000397,0.826556,0.068880,168
1000,12,0.000313,0.000358,0.876346,0.073029,168
1000,12,0.000227,0.000316,0.719689,0.059974,168
1000,12,0.000264,0.000336,0.785702,0.065475,168
1000,12,0.000205,0.000412,0.497797,0.041483,168
1000,12,0.000391,0.000476,0.819770,0.068314,168
1000,12,0.000233,0.000314,0.743382,0.061948,168
1000,12,0.000262,0.000322,0.812846,0.067737,168
1000,12,0.000245,0.000322,0.761185,0.063432,168
1000,12,0.000304,0.000347,0.876784,0.073065,168
1000,12,0.000266,0.000374,0.710354,0.059196,168
1000,12,0.000250,0.000301,0.832485,0.069374,168
1000,12,0.000218,0.000278,0.784246,0.065354,168
1000,12,0.000211,0.000306,0.691003,0.057584,168
1000,12,0.000211,0.000446,0.473647,0.039471,168
1000,12,0.000254,0.000404,0.629296,0.052441,168
1000,12,0.000287,0.000356,0.805137,0.067095,168
1000,12,0.000249,0.000355,0.699783,0.058315,168
1000,12,0.000224,0.000445,0.503876,0.041990,168
1000,12,0.000260,0.000346,0.752332,0.062694,168
1000,12,0.000331,0.000336,0.984584,0.082049,168
1000,12,0.000309,0.000521,0.593938,0.049495,168
1000,12,0.000234,0.000325,0.720017,0.060001,168
1000,12,0.000326,0.000637,0.511519,0.042627,168
1000,12,0.000236,0.000293,0.803444,0.066954,168
1000,12,0.000271,0.000336,0.805014,0.067085,168
1000,12,0.000234,0.000473,0.496177,0.041348,168
1000,12,0.000524,0.000303,1.728884,0.144074,168
1000,12,0.000293,0.000405,0.724280,0.060357,168
1000,12,0.000328,0.000323,1.015844,0.084654,168
1000,12,0.000253,0.000350,0.724259,0.060355,168
1000,12,0.000362,0.000424,0.852532,0.071044,168
1000,12,0.000217,0.000347,0.623729,0.051977,168
1000,12,0.000238,0.000413,0.576440,0.048037,168
1000,12,0.000219,0.000347,0.631739,0.052645,168
1000,12,0.000257,0.000278,0.926588,0.077216,168
1000,12,0.000237,0.000296,0.801581,0.066798,168
1000,12,0.000251,0.000448,0.561310,0.046776,168
1000,12,0.000263,0.000330,0.797680,0.066473,168
1000,12,0.000229,0.000295,0.774407,0.064534,168
1000,16,0.000208,0.000563,0.369574,0.023098,168
1000,16,0.000310,0.000440,0.706393,0.044150,168
1000,16,0.000246,0.000359,0.685574,0.042848,168
1000,16,0.000228,0.000546,0.418585,0.026162,168
1000,16,0.000304,0.000439,0.693796,0.043362,168
1000,16,0.000261,0.000656,0.398802,0.024925,168
1000,16,0.000232,0.000347,0.669381,0.041836,168
1000,16,0.000201,0.000354,0.567415,0.035463,168
1000,16,0.000265,0.000613,0.432032,0.027002,168
1000,16,0.000214,0.000446,0.480119,0.030007,168
1000,16,0.000209,0.000385,0.543598,0.033975,168
1000,16,0.000244,0.000550,0.443558,0.027722,168
1000,16,0.000284,0.000428,0.663891,0.041493,168
1000,16,0.000272,0.000573,0.475068,0.029692,168
1000,16,0.000260,0.000444,0.585265,0.036579,168
1000,16,0.000278,0.000511,0.544124,0.034008,168
1000,16,0.000277,0.000441,0.629121,0.039320,168
1000,16,0.000250,0.000415,0.602366,0.037648,168
1000,16,0.000237,0.000587,0.403679,0.025230,168
1000,16,0.000247,0.000432,0.573005,0.035813,168
1000,16,0.000275,0.000423,0.651840,0.040740,168
1000,16,0.000266,0.000405,0.657415,0.041088,168
1000,16,0.000301,0.000534,0.563773,0.035236,168
1000,16,0.000282,0.000647,0.435106,0.027194,168
1000,16,0.000326,0.000499,0.652768,0.040798,168
1000,16,0.000264,0.000551,0.478117,0.029882,168
1000,16,0.000304,0.000474,0.640557,0.040035,168
1000,16,0.000249,0.000403,0.618132,0.038633,168
1000,16,0.000295,0.000516,0.572444,0.035778,168
1000,16,0.000283,0.000426,0.664306,0.041519,168
1000,16,0.000243,0.000506,0.479313,0.029957,168
1000,16,0.000394,0.000433,0.909756,0.056860,168
1000,16,0.000191,0.000346,0.552473,0.034530,168
1000,16,0.000301,0.000429,0.701180,0.043824,168
1000,16,0.000324,0.000432,0.748144,0.046759,168
1000,16,0.000236,0.000408,0.577246,0.036078,168
1000,16,0.000234,0.000564,0.414692,0.025918,168
1000,16,0.000299,0.000476,0.628977,0.039311,168
1000,16,0.000337,0.000516,0.652214,0.040763,168
1000,16,0.000278,0.000469,0.591708,0.036982,168
1000,16,0.000234,0.000472,0.495755,0.030985,168
1000,16,0.000268,0.000401,0.669099,0.041819,168
1000,16,0.000246,0.000620,0.396486,0.024780,168
1000,16,0.000266,0.000444,0.598087,0.037380,168
1000,16,0.000250,0.000533,0.468142,0.029259,168
1000,16,0.000266,0.000377,0.705975,0.044123,168
1000,16,0.000214,0.000553,0.386896,0.024181,168
1000,16,0.000280,0.000416,0.673558,0.042097,168
1000,16,0.000229,0.000559,0.409410,0.025588,168
1000,16,0.000291,0.000492,0.590616,0.036913,168
10000,1,0.001078,0.000681,1.581521,1.581521,1229
10000,1,0.000823,0.000783,1.050580,1.050580,1229
10000,1,0.000845,0.000686,1.231760,1.231760,1229
10000,1,0.000886,0.000782,1.132947,1.132947,1229
10000,1,0.000784,0.000746,1.050453,1.050453,1229
10000,1,0.000810,0.000681,1.189492,1.189492,1229
10000,1,0.000917,0.000908,1.010227,1.010227,1229
10000,1,0.000766,0.000730,1.047961,1.047961,1229
10000,1,0.000850,0.000745,1.140772,1.140772,1229
10000,1,0.000858,0.000708,1.210996,1.210996,1229
10000,1,0.000834,0.000700,1.191868,1.191868,1229
10000,1,0.000913,0.000739,1.236226,1.236226,1229
10000,1,0.000783,0.000712,1.098651,1.098651,1229
10000,1,0.000888,0.000738,1.204275,1.204275,1229
10000,1,0.000851,0.000767,1.110398,1.110398,1229
10000,1,0.000760,0.000737,1.031709,1.031709,1229
10000,1,0.000929,0.000738,1.258751,1.258751,1229
10000,1,0.000794,0.000772,1.028615,1.028615,1229
10000,1,0.000809,0.000722,1.119285,1.119285,1229
10000,1,0.000800,0.000643,1.244542,1.244542,1229
10000,1,0.000807,0.000680,1.186158,1.186158,1229
10000,1,0.000936,0.000776,1.205329,1.205329,1229
10000,1,0.000778,0.000695,1.119549,1.119549,1229
10000,1,0.000853,0.000836,1.020327,1.020327,1229
10000,1,0.000869,0.000789,1.102508,1.102508,1229
10000,1,0.000787,0.000675,1.165222,1.165222,1229
10000,1,0.000907,0.000782,1.160068,1.160068,1229
10000,1,0.000778,0.000767,1.013877,1.013877,1229
10000,1,0.000863,0.000653,1.321340,1.321340,1229
10000,1,0.000786,0.000726,1.083325,1.083325,1229
10000,1,0.000895,0.000733,1.222357,1.222357,1229
10000,1,0.000817,0.000675,1.210112,1.210112,1229
10000,1,0.000878,0.000684,1.282788,1.282788,1229
10000,1,0.000869,0.000779,1.116066,1.116066,1229
10000,1,0.000820,0.000645,1.270751,1.270751,1229
10000,1,0.000784,0.000812,0.965000,0.965000,1229
10000,1,0.000821,0.000692,1.186733,1.186733,1229
10000,1,0.000776,0.000757,1.024929,1.024929,1229
10000,1,0.000936,0.000726,1.289983,1.289983,1229
10000,1,0.000835,0.000765,1.091659,1.091659,1229
10000,1,0.000884,0.000679,1.300778,1.300778,1229
10000,1,0.000823,0.000754,1.090985,1.090985,1229
10000,1,0.000948,0.000625,1.515996,1.515996,1229
10000,1,0.000986,0.000686,1.437677,1.437677,1229
10000,1,0.000811,0.000705,1.150536,1.150536,1229
10000,1,0.000888,0.000766,1.160260,1.160260,1229
10000,1,0.000811,0.000766,1.058214,1.058214,1229
10000,1,0.000764,0.000877,0.870406,0.870406,1229
10000,1,0.000829,0.000856,0.968398,0.968398,1229
10000,1,0.000780,0.000678,1.150826,1.150826,1229
10000,2,0.000777,0.000816,0.951815,0.475908,1229
10000,2,0.000866,0.000787,1.101422,0.550711,1229
10000,2,0.000892,0.000852,1.046845,0.523423,1229
10000,2,0.000862,0.000789,1.091962,0.545981,1229
10000,2,0.000968,0.000931,1.040062,0.520031,1229
10000,2,0.001025,0.000811,1.263855,0.631928,1229
10000,2,0.000755,0.000753,1.002668,0.501334,1229
10000,2,0.000890,0.000718,1.238354,0.619177,1229
10000,2,0.000864,0.000794,1.088788,0.544394,1229
10000,2,0.000827,0.000788,1.050108,0.525054,1229
10000,2,0.000803,0.000812,0.988166,0.494083,1229
10000,2,0.000793,0.000824,0.962210,0.481105,1229
10000,2,0.000903,0.000921,0.980365,0.490182,1229
10000,2,0.000866,0.000806,1.074277,0.537139,1229
10000,2,0.000836,0.000783,1.067860,0.533930,1229
10000,2,0.000817,0.000759,1.076574,0.538287,1229
10000,2,0.000909,0.000764,1.189146,0.594573,1229
10000,2,0.000857,0.000907,0.944321,0.472160,1229
10000,2,0.000878,0.000839,1.046748,0.523374,1229
10000,2,0.000785,0.000779,1.007685,0.503843,1229
10000,2,0.000871,0.000850,1.024429,0.512214,1229
10000,2,0.001104,0.000775,1.424815,0.712408,1229
10000,2,0.001420,0.000740,1.919078,0.959539,1229
10000,2,0.000925,0.000805,1.149702,0.574851,1229
10000,2,0.000794,0.000846,0.939412,0.469706,1229
10000,2,0.000853,0.000806,1.059132,0.529566,1229
10000,2,0.000822,0.000813,1.011181,0.505591,1229
10000,2,0.000854,0.000799,1.069125,0.534563,1229
10000,2,0.000846,0.000830,1.020014,0.510007,1229
10000,2,0.000879,0.000866,1.015245,0.507623,1229
10000,2,0.000850,0.000793,1.071458,0.535729,1229
10000,2,0.000900,0.000825,1.091100,0.545550,1229
10000,2,0.001019,0.000763,1.335722,0.667861,1229
10000,2,0.000919,0.000741,1.241217,0.620608,1229
10000,2,0.000850,0.000860,0.987772,0.493886,1229
10000,2,0.000999,0.000729,1.370193,0.685096,1229
10000,2,0.000888,0.000926,0.959785,0.479892,1229
10000,2,0.000864,0.000739,1.169616,0.584808,1229
10000,2,0.000861,0.000855,1.006640,0.503320,1229
10000,2,0.000806,0.000779,1.034857,0.517428,1229
10000,2,0.001076,0.000758,1.419095,0.709548,1229
10000,2,0.000925,0.000856,1.081581,0.540791,1229
10000,2,0.000793,0.000786,1.008126,0.504063,1229
10000,2,0.000858,0.000815,1.052678,0.526339,1229
10000,2,0.000884,0.000881,1.003654,0.501827,1229
10000,2,0.000908,0.000938,0.968419,0.484210,1229
10000,2,0.000847,0.000766,1.105268,0.552634,1229
10000,2,0.000971,0.000854,1.136598,0.568299,1229
10000,2,0.000837,0.000939,0.892204,0.446102,1229
10000,2,0.000916,0.000849,1.079235,0.539618,1229
10000,4,0.000953,0.001136,0.839102,0.209775,1229
10000,4,0.001122,0.001139,0.985060,0.246265,1229
10000,4,0.000809,0.000969,0.835312,0.208828,1229
10000,4,0.000845,0.001065,0.793736,0.198434,1229
10000,4,0.001021,0.001010,1.010407,0.252602,1229
10000,4,0.000796,0.001046,0.761482,0.190371,1229
10000,4,0.000870,0.001139,0.764000,0.191000,1229
10000,4,0.000909,0.001102,0.824415,0.206104,1229
10000,4,0.000829,0.001008,0.823110,0.205777,1229
10000,4,0.001081,0.001086,0.996177,0.249044,1229
10000,4,0.001008,0.001077,0.936471,0.234118,1229
10000,4,0.000794,0.000980,0.809938,0.202485,1229
10000,4,0.000876,0.001089,0.804621,0.201155,1229
10000,4,0.000776,0.001099,0.706436,0.176609,1229
10000,4,0.000895,0.001015,0.881655,0.220414,1229
10000,4,0.000885,0.001132,0.781243,0.195311,1229
10000,4,0.000810,0.000994,0.814844,0.203711,1229
10000,4,0.000855,0.001028,0.831932,0.207983,1229
10000,4,0.000914,0.001030,0.887399,0.221850,1229
10000,4,0.000849,0.001038,0.817892,0.204473,1229
10000,4,0.001138,0.000952,1.195335,0.298834,1229
10000,4,0.000835,0.001105,0.755042,0.188760,1229
10000,4,0.000776,0.001106,0.701916,0.175479,1229
10000,4,0.000875,0.001128,0.775744,0.193936,1229
10000,4,0.000831,0.001114,0.745794,0.186449,1229
10000,4,0.000806,0.000943,0.854273,0.213568,1229
10000,4,0.001021,0.001052,0.970895,0.242724,1229
10000,4,0.000868,0.001107,0.783523,0.195881,1229
10000,4,0.000925,0.001057,0.874950,0.218737,1229
10000,4,0.000997,0.001130,0.882057,0.220514,1229
10000,4,0.000784,0.000996,0.786865,0.196716,1229
10000,4,0.001154,0.001047,1.102013,0.275503,1229
10000,4,0.000868,0.001025,0.846242,0.211560,1229
10000,4,0.000863,0.001029,0.838861,0.209715,1229
10000,4,0.000849,0.001036,0.819835,0.204959,1229
10000,4,0.000790,0.001032,0.765481,0.191370,1229
10000,4,0.000849,0.001078,0.787496,0.196874,1229
10000,4,0.000923,0.001078,0.856186,0.214047,1229
10000,4,0.000819,0.001079,0.759004,0.189751,1229
10000,4,0.000858,0.001011,0.848821,0.212205,1229
10000,4,0.000907,0.001045,0.868022,0.217006,1229
10000,4,0.000793,0.001003,0.791056,0.197764,1229
10000,4,0.000970,0.001034,0.938031,0.234508,1229
10000,4,0.000886,0.000930,0.953350,0.238337,1229
10000,4,0.000838,0.000981,0.854772,0.213693,1229
10000,4,0.000993,0.001134,0.875766,0.218941,1229
10000,4,0.000752,0.001110,0.677683,0.169421,1229
10000,4,0.000834,0.001066,0.782329,0.195582,1229
10000,4,0.000787,0.000936,0.840422,0.210105,1229
10000,4,0.001108,0.001071,1.034987,0.258747,1229
10000,8,0.000867,0.001300,0.666820,0.083352,1229
10000,8,0.000852,0.001431,0.595292,0.074412,1229
10000,8,0.000757,0.001386,0.546446,0.068306,1229
10000,8,0.000885,0.001363,0.648912,0.081114,1229
10000,8,0.000857,0.001396,0.613437,0.076680,1229
10000,8,0.000765,0.001327,0.576331,0.072041,1229
10000,8,0.001039,0.001293,0.803253,0.100407,1229
10000,8,0.000802,0.001493,0.537234,0.067154,1229
10000,8,0.000982,0.001330,0.738852,0.092356,1229
10000,8,0.000871,0.001343,0.648901,0.081113,1229
10000,8,0.000838,0.001186,0.706797,0.088350,1229
10000,8,0.000843,0.001300,0.648103,0.081013,1229
10000,8,0.000841,0.001370,0.614021,0.076753,1229
10000,8,0.000815,0.001310,0.622521,0.077815,1229
10000,8,0.000797,0.001399,0.569887,0.071236,1229
10000,8,0.000848,0.001299,0.652458,0.081557,1229
10000,8,0.000762,0.001285,0.593286,0.074161,1229
10000,8,0.000940,0.001290,0.729268,0.091158,1229
10000,8,0.000858,0.001269,0.675720,0.084465,1229
10000,8,0.000910,0.001368,0.665129,0.083141,1229
10000,8,0.000817,0.001385,0.590190,0.073774,1229
10000,8,0.000883,0.001288,0.685455,0.085682,1229
10000,8,0.000834,0.001419,0.587814,0.073477,1229
10000,8,0.000886,0.001232,0.718843,0.089855,1229
10000,8,0.000887,0.001347,0.658637,0.082330,1229
10000,8,0.000868,0.001230,0.705406,0.088176,1229
10000,8,0.000872,0.001341,0.650771,0.081346,1229
10000,8,0.000796,0.001382,0.576153,0.072019,1229
10000,8,0.000795,0.001366,0.581984,0.072748,1229
10000,8,0.000838,0.001235,0.678479,0.084810,1229
10000,8,0.000796,0.001397,0.570181,0.071273,1229
10000,8,0.000822,0.001376,0.597310,0.074664,1229
10000,8,0.000825,0.001364,0.605052,0.075632,1229
10000,8,0.000829,0.001413,0.586922,0.073365,1229
10000,8,0.000943,0.001215,0.775720,0.096965,1229
10000,8,0.000910,0.001376,0.661286,0.082661,1229
10000,8,0.000842,0.001311,0.641973,0.080247,1229
10000,8,0.001042,0.001228,0.848051,0.106006,1229
10000,8,0.000856,0.001291,0.663510,0.082939,1229
10000,8,0.000885,0.001386,0.638348,0.079793,1229
10000,8,0.000960,0.001230,0.780507,0.097563,1229
10000,8,0.000817,0.001400,0.584007,0.073001,1229
10000,8,0.000828,0.001151,0.719278,0.089910,1229
10000,8,0.000887,0.001237,0.717102,0.089638,1229
10000,8,0.000903,0.001323,0.682744,0.085343,1229
10000,8,0.000945,0.001368,0.691072,0.086384,1229
10000,8,0.000997,0.001239,0.804165,0.100521,1229
10000,8,0.000819,0.001352,0.606125,0.075766,1229
10000,8,0.000868,0.001391,0.623633,0.077954,1229
10000,8,0.000944,0.001259,0.749989,0.093749,1229
10000,12,0.000860,0.001392,0.617655,0.051471,1229
10000,12,0.000830,0.001303,0.637128,0.053094,1229
10000,12,0.000813,0.001264,0.642804,0.053567,1229
10000,12,0.000989,0.001239,0.798226,0.066519,1229
10000,12,0.000888,0.001370,0.648256,0.054021,1229
10000,12,0.001061,0.001253,0.846420,0.070535,1229
10000,12,0.000833,0.001251,0.665810,0.055484,1229
10000,12,0.000898,0.001361,0.659569,0.054964,1229
10000,12,0.000792,0.001497,0.529198,0.044100,1229
10000,12,0.000839,0.001432,0.586154,0.048846,1229
10000,12,0.000812,0.001407,0.577010,0.048084,1229
10000,12,0.000887,0.001466,0.604730,0.050394,1229
10000,12,0.000928,0.001442,0.643635,0.053636,1229
10000,12,0.000800,0.001444,0.554345,0.046195,1229
10000,12,0.001134,0.001441,0.787041,0.065587,1229
10000,12,0.000891,0.001244,0.716023,0.059669,1229
10000,12,0.000902,0.001329,0.678881,0.056573,1229
10000,12,0.000870,0.001384,0.628358,0.052363,1229
10000,12,0.000948,0.001441,0.657868,0.054822,1229
10000,12,0.000935,0.001353,0.691071,0.057589,1229
10000,12,0.000939,0.001364,0.688178,0.057348,1229
10000,12,0.000851,0.001318,0.645816,0.053818,1229
10000,12,0.000810,0.001408,0.575238,0.047937,1229
10000,12,0.000774,0.001241,0.623439,0.051953,1229
10000,12,0.000868,0.001326,0.654524,0.054544,1229
10000,12,0.000878,0.001354,0.648290,0.054024,1229
10000,12,0.000895,0.001306,0.685651,0.057138,1229
10000,12,0.000770,0.001332,0.577824,0.048152,1229
10000,12,0.000842,0.001336,0.630525,0.052544,1229
10000,12,0.000941,0.001252,0.751251,0.062604,1229
10000,12,0.000855,0.001303,0.655721,0.054643,1229
10000,12,0.001012,0.001357,0.745815,0.062151,1229
10000,12,0.000837,0.001313,0.637179,0.053098,1229
10000,12,0.000930,0.001324,0.702568,0.058547,1229
10000,12,0.000790,0.001380,0.572357,0.047696,1229
10000,12,0.001098,0.001337,0.821125,0.068427,1229
10000,12,0.000803,0.001422,0.565111,0.047093,1229
10000,12,0.000949,0.001335,0.711329,0.059277,1229
10000,12,0.000839,0.001401,0.599232,0.049936,1229
10000,12,0.000845,0.001239,0.681901,0.056825,1229
10000,12,0.000772,0.001295,0.595911,0.049659,1229
10000,12,0.000856,0.001509,0.567695,0.047308,1229
10000,12,0.000835,0.001331,0.627586,0.052299,1229
10000,12,0.000810,0.001468,0.551983,0.045999,1229
10000,12,0.000768,0.001358,0.565628,0.047136,1229
10000,12,0.000846,0.001350,0.626902,0.052242,1229
10000,12,0.000817,0.001254,0.652141,0.054345,1229
10000,12,0.000785,0.001307,0.600594,0.050050,1229
10000,12,0.000885,0.001262,0.700933,0.058411,1229
10000,12,0.000904,0.001294,0.698555,0.058213,1229
10000,16,0.000873,0.001399,0.624173,0.039011,1229
10000,16,0.000814,0.001365,0.596453,0.037278,1229
10000,16,0.000803,0.001499,0.535573,0.033473,1229
10000,16,0.000879,0.001493,0.588766,0.036798,1229
10000,16,0.000952,0.001346,0.707152,0.044197,1229
10000,16,0.000887,0.001425,0.622131,0.038883,1229
10000,16,0.000920,0.001346,0.683397,0.042712,1229
10000,16,0.000899,0.001409,0.638213,0.039888,1229
10000,16,0.000862,0.001272,0.677244,0.042328,1229
10000,16,0.000828,0.001233,0.671770,0.041986,1229
10000,16,0.000904,0.001182,0.765273,0.047830,1229
10000,16,0.000791,0.001462,0.540857,0.033804,1229
10000,16,0.000873,0.001359,0.642581,0.040161,1229
10000,16,0.000824,0.001305,0.631356,0.039460,1229
10000,16,0.000824,0.001386,0.594272,0.037142,1229
10000,16,0.000968,0.001398,0.692234,0.043265,1229
10000,16,0.000879,0.001393,0.630985,0.039437,1229
10000,16,0.001129,0.001469,0.768608,0.048038,1229
10000,16,0.000806,0.001445,0.558088,0.034881,1229
10000,16,0.000871,0.001453,0.599551,0.037472,1229
10000,16,0.000922,0.001353,0.681189,0.042574,1229
10000,16,0.000855,0.001395,0.612880,0.038305,1229
10000,16,0.000887,0.001512,0.586635,0.036665,1229
10000,16,0.000788,0.001195,0.659187,0.041199,1229
10000,16,0.000867,0.001371,0.632609,0.039538,1229
10000,16,0.000843,0.001353,0.623535,0.038971,1229
10000,16,0.000888,0.001325,0.670021,0.041876,1229
10000,16,0.000934,0.001440,0.648410,0.040526,1229
10000,16,0.000748,0.001444,0.518368,0.032398,1229
10000,16,0.001065,0.001389,0.767169,0.047948,1229
10000,16,0.000818,0.001412,0.579623,0.036226,1229
10000,16,0.000821,0.001496,0.548518,0.034282,1229
10000,16,0.000887,0.001370,0.647536,0.040471,1229
10000,16,0.000812,0.001468,0.552928,0.034558,1229
10000,16,0.000986,0.001336,0.737828,0.046114,1229
10000,16,0.000790,0.001350,0.585511,0.036594,1229
10000,16,0.000857,0.001467,0.584280,0.036518,1229
10000,16,0.000822,0.001453,0.565416,0.035339,1229
10000,16,0.000806,0.001447,0.556719,0.034795,1229
10000,16,0.000804,0.001313,0.612209,0.038263,1229
10000,16,0.000796,0.001322,0.601704,0.037607,1229
10000,16,0.000750,0.001385,0.541741,0.033859,1229
10000,16,0.000943,0.001401,0.673000,0.042062,1229
10000,16,0.000828,0.001320,0.627272,0.039205,1229
10000,16,0.000830,0.001387,0.598791,0.037424,1229
10000,16,0.000830,0.001412,0.587884,0.036743,1229
10000,16,0.000870,0.001569,0.554697,0.034669,1229
10000,16,0.000783,0.001457,0.537247,0.033578,1229
10000,16,0.000847,0.001581,0.535749,0.033484,1229
10000,16,0.000781,0.001338,0.583711,0.036482,1229
100000,1,0.013268,0.012540,1.058032,1.058032,9592
100000,1,0.013820,0.012785,1.080955,1.080955,9592
100000,1,0.012549,0.013136,0.955290,0.955290,9592
100000,1,0.012905,0.012082,1.068153,1.068153,9592
100000,1,0.013264,0.012611,1.051829,1.051829,9592
100000,1,0.012566,0.012722,0.987748,0.987748,9592
100000,1,0.013218,0.013233,0.998872,0.998872,9592
100000,1,0.013948,0.013172,1.058889,1.058889,9592
100000,1,0.013620,0.013720,0.992727,0.992727,9592
100000,1,0.013183,0.013328,0.989109,0.989109,9592
100000,1,0.013553,0.013242,1.023531,1.023531,9592
100000,1,0.014060,0.013372,1.051425,1.051425,9592
100000,1,0.013421,0.013022,1.030626,1.030626,9592
100000,1,0.012687,0.012360,1.026429,1.026429,9592
100000,1,0.012524,0.012659,0.989290,0.989290,9592
100000,1,0.012691,0.013134,0.966291,0.966291,9592
100000,1,0.013609,0.013549,1.004407,1.004407,9592
100000,1,0.013012,0.012812,1.015627,1.015627,9592
100000,1,0.012890,0.013091,0.984638,0.984638,9592
100000,1,0.013543,0.013407,1.010129,1.010129,9592
100000,1,0.013364,0.013130,1.017819,1.017819,9592
100000,1,0.013387,0.013258,1.009702,1.009702,9592
100000,1,0.013319,0.012494,1.066059,1.066059,9592
100000,1,0.012563,0.012537,1.002022,1.002022,9592
100000,1,0.013344,0.012822,1.040731,1.040731,9592
100000,1,0.013469,0.013165,1.023084,1.023084,9592
100000,1,0.013205,0.013017,1.014413,1.014413,9592
100000,1,0.013746,0.012440,1.104928,1.104928,9592
100000,1,0.013030,0.013192,0.987714,0.987714,9592
100000,1,0.012972,0.013045,0.994401,0.994401,9592
100000,1,0.012780,0.012508,1.021724,1.021724,9592
100000,1,0.013549,0.013054,1.037928,1.037928,9592
100000,1,0.012790,0.012995,0.984214,0.984214,9592
100000,1,0.013132,0.012918,1.016537,1.016537,9592
100000,1,0.013729,0.013126,1.045914,1.045914,9592
100000,1,0.013397,0.013381,1.001183,1.001183,9592
100000,1,0.013195,0.013120,1.005692,1.005692,9592
100000,1,0.012948,0.012774,1.013611,1.013611,9592
100000,1,0.012990,0.013514,0.961193,0.961193,9592
100000,1,0.013143,0.013197,0.995891,0.995891,9592
100000,1,0.013472,0.013341,1.009799,1.009799,9592
100000,1,0.013234,0.013271,0.997149,0.997149,9592
100000,1,0.012785,0.013506,0.946614,0.946614,9592
100000,1,0.012973,0.012592,1.030262,1.030262,9592
100000,1,0.013551,0.013593,0.996970,0.996970,9592
100000,1,0.013207,0.015052,0.877410,0.877410,9592
100000,1,0.013325,0.013602,0.979605,0.979605,9592
100000,1,0.013184,0.013461,0.979452,0.979452,9592
100000,1,0.013756,0.013480,1.020481,1.020481,9592
100000,1,0.012937,0.013190,0.980769,0.980769,9592
100000,2,0.013031,0.008976,1.451757,0.725878,9592
100000,2,0.013090,0.008449,1.549198,0.774599,9592
100000,2,0.013701,0.008448,1.621673,0.810837,9592
100000,2,0.013069,0.009000,1.452114,0.726057,9592
100000,2,0.014161,0.008830,1.603725,0.801863,9592
100000,2,0.012634,0.009333,1.353690,0.676845,9592
100000,2,0.013093,0.008832,1.482478,0.741239,9592
100000,2,0.013205,0.008639,1.528517,0.764259,9592
100000,2,0.013397,0.008339,1.606620,0.803310,9592
100000,2,0.012484,0.008889,1.404463,0.702231,9592
100000,2,0.013086,0.009235,1.416957,0.708479,9592
100000,2,0.013495,0.009284,1.453521,0.726760,9592
100000,2,0.013439,0.008533,1.574935,0.787467,9592
100000,2,0.012673,0.008912,1.422144,0.711072,9592
100000,2,0.012992,0.008638,1.504105,0.752053,9592
100000,2,0.013384,0.009022,1.483513,0.741756,9592
100000,2,0.012817,0.008796,1.457198,0.728599,9592
100000,2,0.013194,0.009075,1.453922,0.726961,9592
100000,2,0.013930,0.008664,1.607781,0.803890,9592
100000,2,0.013384,0.008776,1.525117,0.762559,9592
100000,2,0.014149,0.008734,1.620011,0.810005,9592
100000,2,0.012669,0.008549,1.481878,0.740939,9592
100000,2,0.012601,0.008338,1.511257,0.755629,9592
100000,2,0.013794,0.008876,1.554152,0.777076,9592
100000,2,0.014317,0.009063,1.579721,0.789861,9592
100000,2,0.012799,0.008701,1.471035,0.735517,9592
100000,2,0.013955,0.008539,1.634357,0.817178,9592
100000,2,0.012293,0.008876,1.385056,0.692528,9592
100000,2,0.014136,0.008609,1.641865,0.820932,9592
100000,2,0.012609,0.008890,1.418241,0.709121,9592
100000,2,0.012727,0.008806,1.445298,0.722649,9592
100000,2,0.012786,0.009117,1.402429,0.701215,9592
100000,2,0.013730,0.009071,1.513531,0.756765,9592
100000,2,0.013204,0.008815,1.497840,0.748920,9592
100000,2,0.013530,0.008902,1.519750,0.759875,9592
100000,2,0.013175,0.009007,1.462690,0.731345,9592
100000,2,0.013740,0.009451,1.453802,0.726901,9592
100000,2,0.013029,0.009081,1.434722,0.717361,9592
100000,2,0.014312,0.008997,1.590715,0.795358,9592
100000,2,0.013357,0.008856,1.508266,0.754133,9592
100000,2,0.012855,0.008868,1.449637,0.724819,9592
100000,2,0.012889,0.009060,1.422699,0.711349,9592
100000,2,0.013465,0.008734,1.541796,0.770898,9592
100000,2,0.013611,0.008977,1.516215,0.758108,9592
100000,2,0.013671,0.009459,1.445172,0.722586,9592
100000,2,0.013037,0.008694,1.499541,0.749770,9592
100000,2,0.013396,0.008694,1.540751,0.770375,9592
100000,2,0.013172,0.008815,1.494341,0.747171,9592
100000,2,0.013356,0.008631,1.547371,0.773685,9592
100000,2,0.013094,0.009001,1.454655,0.727328,9592
100000,4,0.013163,0.008880,1.482227,0.370557,9592
100000,4,0.012558,0.009136,1.374575,0.343644,9592
100000,4,0.013033,0.009045,1.440854,0.360214,9592
100000,4,0.012953,0.009170,1.412533,0.353133,9592
100000,4,0.013099,0.009453,1.385735,0.346434,9592
100000,4,0.013381,0.009442,1.417247,0.354312,9592
100000,4,0.012594,0.008780,1.434370,0.358592,9592
100000,4,0.013156,0.009282,1.417361,0.354340,9592
100000,4,0.012794,0.009421,1.357935,0.339484,9592
100000,4,0.013395,0.009203,1.455454,0.363864,9592
100000,4,0.012726,0.009029,1.409382,0.352345,9592
100000,4,0.013113,0.009076,1.444806,0.361201,9592
100000,4,0.013521,0.008900,1.519297,0.379824,9592
100000,4,0.013815,0.008990,1.536621,0.384155,9592
100000,4,0.014750,0.009077,1.624966,0.406241,9592
100000,4,0.014425,0.009336,1.545084,0.386271,9592
100000,4,0.013968,0.009102,1.534490,0.383623,9592
100000,4,0.013953,0.009492,1.469911,0.367478,9592
100000,4,0.013434,0.009084,1.478833,0.369708,9592
100000,4,0.012662,0.008802,1.438512,0.359628,9592
100000,4,0.012736,0.010068,1.265026,0.316256,9592
100000,4,0.012557,0.009521,1.318871,0.329718,9592
100000,4,0.013180,0.009455,1.393960,0.348490,9592
100000,4,0.012441,0.009148,1.359987,0.339997,9592
100000,4,0.013243,0.008709,1.520701,0.380175,9592
100000,4,0.013300,0.008986,1.480098,0.370025,9592
100000,4,0.012875,0.008966,1.435929,0.358982,9592
100000,4,0.012701,0.009087,1.397757,0.349439,9592
100000,4,0.012996,0.009324,1.393714,0.348428,9592
100000,4,0.012954,0.009361,1.383811,0.345953,9592
100000,4,0.013131,0.009066,1.448277,0.362069,9592
100000,4,0.013459,0.008698,1.547421,0.386855,9592
100000,4,0.013968,0.008667,1.611768,0.402942,9592
100000,4,0.013140,0.009226,1.424336,0.356084,9592
100000,4,0.013446,0.009171,1.466121,0.366530,9592
100000,4,0.013211,0.009143,1.444938,0.361234,9592
100000,4,0.013382,0.008770,1.525964,0.381491,9592
100000,4,0.012832,0.008568,1.497595,0.374399,9592
100000,4,0.012682,0.009347,1.356726,0.339181,9592
100000,4,0.013336,0.008878,1.502167,0.375542,9592
100000,4,0.012876,0.008958,1.437466,0.359366,9592
100000,4,0.013231,0.009293,1.423739,0.355935,9592
100000,4,0.013814,0.008853,1.560441,0.390110,9592
100000,4,0.013375,0.009477,1.411261,0.352815,9592
100000,4,0.013719,0.009503,1.443627,0.360907,9592
100000,4,0.013511,0.009039,1.494704,0.373676,9592
100000,4,0.013105,0.009008,1.454835,0.363709,9592
100000,4,0.013520,0.009120,1.482520,0.370630,9592
100000,4,0.013461,0.008804,1.528927,0.382232,9592
100000,4,0.013492,0.008612,1.566690,0.391672,9592
100000,8,0.013249,0.011370,1.165319,0.145665,9592
100000,8,0.013593,0.011492,1.182898,0.147862,9592
100000,8,0.013103,0.010795,1.213764,0.151720,9592
100000,8,0.012512,0.011582,1.080250,0.135031,9592
100000,8,0.012867,0.012204,1.054343,0.131793,9592
100000,8,0.013385,0.012059,1.109970,0.138746,9592
100000,8,0.013427,0.011171,1.201949,0.150244,9592
100000,8,0.013071,0.011278,1.158924,0.144865,9592
100000,8,0.012677,0.011369,1.115043,0.139380,9592
100000,8,0.013530,0.011204,1.207616,0.150952,9592
100000,8,0.013124,0.011911,1.101861,0.137733,9592
100000,8,0.013147,0.011605,1.132873,0.141609,9592
100000,8,0.012825,0.011529,1.112395,0.139049,9592
100000,8,0.013784,0.012292,1.121391,0.140174,9592
100000,8,0.013645,0.011839,1.152521,0.144065,9592
100000,8,0.013288,0.011496,1.155965,0.144496,9592
100000,8,0.013027,0.012024,1.083384,0.135423,9592
100000,8,0.013578,0.011438,1.187075,0.148384,9592
100000,8,0.014198,0.011315,1.254793,0.156849,9592
100000,8,0.013399,0.011173,1.199232,0.149904,9592
100000,8,0.013721,0.011291,1.215176,0.151897,9592
100000,8,0.013089,0.010915,1.199134,0.149892,9592
100000,8,0.012660,0.012040,1.051498,0.131437,9592
100000,8,0.013244,0.010800,1.226247,0.153281,9592
100000,8,0.012958,0.011515,1.125271,0.140659,9592
100000,8,0.013524,0.011588,1.167037,0.145880,9592
100000,8,0.012631,0.011426,1.105512,0.138189,9592
100000,8,0.013225,0.011860,1.115047,0.139381,9592
100000,8,0.013346,0.012254,1.089176,0.136147,9592
100000,8,0.012968,0.011802,1.098801,0.137350,9592
100000,8,0.013349,0.011533,1.157504,0.144688,9592
100000,8,0.013026,0.011911,1.093686,0.136711,9592
100000,8,0.013838,0.011606,1.192308,0.149039,9592
100000,8,0.013587,0.010746,1.264330,0.158041,9592
100000,8,0.013304,0.010685,1.245148,0.155643,9592
100000,8,0.013691,0.011410,1.199970,0.149996,9592
100000,8,0.013659,0.011007,1.240920,0.155115,9592
100000,8,0.012467,0.010873,1.146642,0.143330,9592
100000,8,0.013116,0.011657,1.125108,0.140639,9592
100000,8,0.013165,0.011717,1.123613,0.140452,9592
100000,8,0.012989,0.011020,1.178697,0.147337,9592
100000,8,0.013092,0.011346,1.153899,0.144237,9592
100000,8,0.013243,0.011171,1.185471,0.148184,9592
100000,8,0.013203,0.011441,1.154030,0.144254,9592
100000,8,0.013520,0.010728,1.260210,0.157526,9592
100000,8,0.012815,0.010929,1.172535,0.146567,9592
100000,8,0.013065,0.011030,1.184441,0.148055,9592
100000,8,0.013678,0.011864,1.152847,0.144106,9592
100000,8,0.014231,0.011290,1.260498,0.157562,9592
100000,8,0.013561,0.010882,1.246209,0.155776,9592
100000,12,0.013140,0.011948,1.099816,0.091651,9592
100000,12,0.012996,0.011952,1.087341,0.090612,9592
100000,12,0.012750,0.012433,1.025486,0.085457,9592
100000,12,0.013511,0.011966,1.129106,0.094092,9592
100000,12,0.013222,0.011581,1.141765,0.095147,9592
100000,12,0.012901,0.012088,1.067243,0.088937,9592
100000,12,0.012969,0.011925,1.087575,0.090631,9592
100000,12,0.014165,0.012175,1.163444,0.096954,9592
100000,12,0.012643,0.011692,1.081342,0.090112,9592
100000,12,0.013442,0.012041,1.116350,0.093029,9592
100000,12,0.012718,0.012269,1.036554,0.086380,9592
100000,12,0.013377,0.012253,1.091722,0.090977,9592
100000,12,0.013214,0.011680,1.131305,0.094275,9592
100000,12,0.013049,0.012401,1.052205,0.087684,9592
100000,12,0.013111,0.011731,1.117607,0.093134,9592
100000,12,0.013998,0.011969,1.169581,0.097465,9592
100000,12,0.012862,0.012251,1.049879,0.087490,9592
100000,12,0.013374,0.012715,1.051809,0.087651,9592
100000,12,0.013646,0.012241,1.114770,0.092898,9592
100000,12,0.012723,0.011766,1.081290,0.090108,9592
100000,12,0.014497,0.012824,1.130459,0.094205,9592
100000,12,0.013174,0.011582,1.137438,0.094787,9592
100000,12,0.013425,0.012647,1.061469,0.088456,9592
100000,12,0.013115,0.011971,1.095585,0.091299,9592
100000,12,0.012961,0.012054,1.075249,0.089604,9592
100000,12,0.013021,0.012586,1.034594,0.086216,9592
100000,12,0.013816,0.012476,1.107445,0.092287,9592
100000,12,0.013058,0.011958,1.092031,0.091003,9592
100000,12,0.012716,0.012761,0.996478,0.083040,9592
100000,12,0.013392,0.011706,1.144028,0.095336,9592
100000,12,0.013476,0.012161,1.108145,0.092345,9592
100000,12,0.013323,0.012308,1.082452,0.090204,9592
100000,12,0.013449,0.011541,1.165287,0.097107,9592
100000,12,0.013208,0.011682,1.130642,0.094220,9592
100000,12,0.012990,0.012329,1.053614,0.087801,9592
100000,12,0.013082,0.012075,1.083465,0.090289,9592
100000,12,0.013503,0.012627,1.069371,0.089114,9592
100000,12,0.013306,0.011287,1.178931,0.098244,9592
100000,12,0.013473,0.012461,1.081193,0.090099,9592
100000,12,0.013765,0.012042,1.143125,0.095260,9592
100000,12,0.013236,0.011945,1.108054,0.092338,9592
100000,12,0.013992,0.012812,1.092081,0.091007,9592
100000,12,0.013990,0.012044,1.161515,0.096793,9592
100000,12,0.013070,0.012321,1.060833,0.088403,9592
100000,12,0.013807,0.011520,1.198540,0.099878,9592
100000,12,0.012386,0.012486,0.991990,0.082666,9592
100000,12,0.013328,0.011808,1.128696,0.094058,9592
100000,12,0.012572,0.012729,0.987649,0.082304,9592
100000,12,0.012988,0.012749,1.018698,0.084891,9592
100000,12,0.014230,0.012654,1.124610,0.093718,9592
100000,16,0.012940,0.012249,1.056431,0.066027,9592
100000,16,0.014404,0.012139,1.186582,0.074161,9592
100000,16,0.012585,0.012151,1.035725,0.064733,9592
100000,16,0.013348,0.012150,1.098567,0.068660,9592
100000,16,0.012656,0.012741,0.993319,0.062082,9592
100000,16,0.013447,0.011954,1.124896,0.070306,9592
100000,16,0.013310,0.011492,1.158214,0.072388,9592
100000,16,0.012958,0.013193,0.982140,0.061384,9592
100000,16,0.013280,0.012393,1.071573,0.066973,9592
100000,16,0.013226,0.012100,1.093049,0.068316,9592
100000,16,0.014134,0.012290,1.149992,0.071875,9592
100000,16,0.013131,0.011760,1.116598,0.069787,9592
100000,16,0.013207,0.012690,1.040724,0.065045,9592
100000,16,0.012925,0.012898,1.002152,0.062634,9592
100000,16,0.014452,0.012473,1.158619,0.072414,9592
100000,16,0.013256,0.011978,1.106681,0.069168,9592
100000,16,0.012762,0.012461,1.024121,0.064008,9592
100000,16,0.013095,0.012074,1.084584,0.067787,9592
100000,16,0.012970,0.011791,1.100015,0.068751,9592
100000,16,0.014075,0.012770,1.102132,0.068883,9592
100000,16,0.013584,0.012100,1.122590,0.070162,9592
100000,16,0.012660,0.012491,1.013528,0.063346,9592
100000,16,0.013750,0.012387,1.110068,0.069379,9592
100000,16,0.014362,0.012128,1.184153,0.074010,9592
100000,16,0.014299,0.012688,1.126955,0.070435,9592
100000,16,0.012667,0.012108,1.046180,0.065386,9592
100000,16,0.013570,0.012175,1.114552,0.069660,9592
100000,16,0.013207,0.012522,1.054677,0.065917,9592
100000,16,0.012848,0.012249,1.048957,0.065560,9592
100000,16,0.013333,0.012623,1.056293,0.066018,9592
100000,16,0.013211,0.012274,1.076298,0.067269,9592
100000,16,0.013207,0.012431,1.062405,0.066400,9592
100000,16,0.013655,0.012439,1.097779,0.068611,9592
100000,16,0.013054,0.012710,1.027019,0.064189,9592
100000,16,0.013188,0.012143,1.086106,0.067882,9592
100000,16,0.013759,0.012553,1.096026,0.068502,9592
100000,16,0.013371,0.011913,1.122406,0.070150,9592
100000,16,0.012847,0.012455,1.031448,0.064466,9592
100000,16,0.013838,0.012491,1.107854,0.069241,9592
100000,16,0.013524,0.012546,1.078017,0.067376,9592
100000,16,0.013071,0.012781,1.022653,0.063916,9592
100000,16,0.013210,0.012983,1.017455,0.063591,9592
100000,16,0.013171,0.012409,1.061361,0.066335,9592
100000,16,0.012966,0.012044,1.076482,0.067280,9592
100000,16,0.013606,0.013010,1.045804,0.065363,9592
100000,16,0.013656,0.012972,1.052771,0.065798,9592
100000,16,0.012903,0.012459,1.035605,0.064725,9592
100000,16,0.014248,0.011668,1.221096,0.076318,9592
100000,16,0.013313,0.011645,1.143164,0.071448,9592
100000,16,0.012719,0.011489,1.107034,0.069190,9592
1000000,1,0.280858,0.285375,0.984171,0.984171,78498
1000000,1,0.285491,0.280063,1.019381,1.019381,78498
1000000,1,0.280462,0.284806,0.984745,0.984745,78498
1000000,1,0.286928,0.283558,1.011883,1.011883,78498
1000000,1,0.278745,0.286219,0.973888,0.973888,78498
1000000,1,0.285573,0.279565,1.021493,1.021493,78498
1000000,1,0.281737,0.278581,1.011329,1.011329,78498
1000000,1,0.280003,0.281647,0.994166,0.994166,78498
1000000,1,0.282800,0.281377,1.005060,1.005060,78498
1000000,1,0.278261,0.286721,0.970495,0.970495,78498
1000000,1,0.290464,0.284479,1.021036,1.021036,78498
1000000,1,0.292958,0.281916,1.039168,1.039168,78498
1000000,1,0.295829,0.295355,1.001604,1.001604,78498
1000000,1,0.289337,0.289513,0.999391,0.999391,78498
1000000,1,0.290636,0.285575,1.017722,1.017722,78498
1000000,1,0.287578,0.281517,1.021531,1.021531,78498
1000000,1,0.282522,0.281264,1.004470,1.004470,78498
1000000,1,0.281449,0.278936,1.009008,1.009008,78498
1000000,1,0.295426,0.287668,1.026967,1.026967,78498
1000000,1,0.296138,0.284093,1.042398,1.042398,78498
1000000,1,0.286699,0.288732,0.992959,0.992959,78498
1000000,1,0.294990,0.277814,1.061828,1.061828,78498
1000000,1,0.283001,0.282267,1.002600,1.002600,78498
1000000,1,0.283672,0.294543,0.963092,0.963092,78498
1000000,1,0.282048,0.282791,0.997371,0.997371,78498
1000000,1,0.281160,0.282749,0.994379,0.994379,78498
1000000,1,0.281509,0.293525,0.959063,0.959063,78498
1000000,1,0.291717,0.284750,1.024464,1.024464,78498
1000000,1,0.286449,0.297068,0.964256,0.964256,78498
1000000,1,0.279609,0.283086,0.987717,0.987717,78498
1000000,1,0.284758,0.281518,1.011510,1.011510,78498
1000000,1,0.283279,0.283001,1.000983,1.000983,78498
1000000,1,0.283899,0.280405,1.012462,1.012462,78498
1000000,1,0.279040,0.278709,1.001187,1.001187,78498
1000000,1,0.280271,0.280212,1.000211,1.000211,78498
1000000,1,0.281089,0.281996,0.996785,0.996785,78498
1000000,1,0.284816,0.279827,1.017829,1.017829,78498
1000000,1,0.282507,0.282662,0.999449,0.999449,78498
1000000,1,0.283460,0.279181,1.015328,1.015328,78498
1000000,1,0.283253,0.283744,0.998271,0.998271,78498
1000000,1,0.284501,0.279114,1.019302,1.019302,78498
1000000,1,0.286212,0.285380,1.002913,1.002913,78498
1000000,1,0.280136,0.282422,0.991907,0.991907,78498
1000000,1,0.281705,0.281394,1.001106,1.001106,78498
1000000,1,0.282964,0.282500,1.001644,1.001644,78498
1000000,1,0.283882,0.279013,1.017450,1.017450,78498
1000000,1,0.282287,0.281618,1.002376,1.002376,78498
1000000,1,0.284161,0.281255,1.010333,1.010333,78498
1000000,1,0.280753,0.281976,0.995664,0.995664,78498
1000000,1,0.282698,0.284387,0.994060,0.994060,78498
1000000,2,0.281127,0.154531,1.819226,0.909613,78498
1000000,2,0.287164,0.163831,1.752805,0.876403,78498
1000000,2,0.283161,0.152726,1.854042,0.927021,78498
1000000,2,0.284154,0.153239,1.854311,0.927156,78498
1000000,2,0.278398,0.153091,1.818514,0.909257,78498
1000000,2,0.283866,0.159752,1.776923,0.888461,78498
1000000,2,0.289145,0.157674,1.833819,0.916909,78498
1000000,2,0.282576,0.156941,1.800520,0.900260,78498
1000000,2,0.280988,0.153734,1.827755,0.913878,78498
1000000,2,0.280821,0.152652,1.839609,0.919805,78498
1000000,2,0.282656,0.154671,1.827472,0.913736,78498
1000000,2,0.284321,0.151303,1.879150,0.939575,78498
1000000,2,0.282407,0.152095,1.856774,0.928387,78498
1000000,2,0.284466,0.153670,1.851154,0.925577,78498
1000000,2,0.282286,0.156226,1.806906,0.903453,78498
1000000,2,0.282314,0.154580,1.826331,0.913165,78498
1000000,2,0.283759,0.154673,1.834582,0.917291,78498
1000000,2,0.289635,0.154852,1.870394,0.935197,78498
1000000,2,0.282227,0.154750,1.823760,0.911880,78498
1000000,2,0.283453,0.151777,1.867561,0.933781,78498
1000000,2,0.281545,0.156333,1.800937,0.900468,78498
1000000,2,0.283926,0.155490,1.826011,0.913006,78498
1000000,2,0.282190,0.154880,1.821998,0.910999,78498
1000000,2,0.281132,0.153171,1.835420,0.917710,78498
1000000,2,0.281660,0.157460,1.788773,0.894386,78498
1000000,2,0.285097,0.157882,1.805756,0.902878,78498
1000000,2,0.282239,0.151975,1.857140,0.928570,78498
1000000,2,0.282505,0.168394,1.677643,0.838822,78498
1000000,2,0.282641,0.153488,1.841453,0.920726,78498
1000000,2,0.283416,0.154558,1.833718,0.916859,78498
1000000,2,0.281471,0.154978,1.816194,0.908097,78498
1000000,2,0.282312,0.154725,1.824602,0.912301,78498
1000000,2,0.283003,0.155496,1.819998,0.909999,78498
1000000,2,0.283986,0.152187,1.866033,0.933016,78498
1000000,2,0.285363,0.153549,1.858449,0.929224,78498
1000000,2,0.283242,0.152827,1.853356,0.926678,78498
1000000,2,0.282125,0.153634,1.836345,0.918172,78498
1000000,2,0.287361,0.153134,1.876532,0.938266,78498
1000000,2,0.282719,0.153278,1.844487,0.922244,78498
1000000,2,0.280811,0.156746,1.791502,0.895751,78498
1000000,2,0.282632,0.152557,1.852627,0.926314,78498
1000000,2,0.287120,0.154638,1.856727,0.928364,78498
1000000,2,0.281901,0.153519,1.836269,0.918135,78498
1000000,2,0.285442,0.154919,1.842524,0.921262,78498
1000000,2,0.284123,0.153717,1.848347,0.924174,78498
1000000,2,0.279201,0.155623,1.794089,0.897044,78498
1000000,2,0.285305,0.154336,1.848590,0.924295,78498
1000000,2,0.282055,0.155579,1.812939,0.906470,78498
1000000,2,0.282150,0.152639,1.848481,0.924240,78498
1000000,2,0.281487,0.154174,1.825775,0.912887,78498
1000000,4,0.281392,0.106722,2.636685,0.659171,78498
1000000,4,0.282036,0.099457,2.835753,0.708938,78498
1000000,4,0.283418,0.099171,2.857859,0.714465,78498
1000000,4,0.283102,0.100414,2.819356,0.704839,78498
1000000,4,0.281111,0.098145,2.864252,0.716063,78498
1000000,4,0.281852,0.104335,2.701425,0.675356,78498
1000000,4,0.281266,0.097118,2.896121,0.724030,78498
1000000,4,0.283569,0.102916,2.755344,0.688836,78498
1000000,4,0.282888,0.096281,2.938158,0.734540,78498
1000000,4,0.286784,0.102279,2.803935,0.700984,78498
1000000,4,0.289149,0.099432,2.908018,0.727005,78498
1000000,4,0.286150,0.097801,2.925841,0.731460,78498
1000000,4,0.284329,0.104206,2.728534,0.682134,78498
1000000,4,0.288373,0.099571,2.896149,0.724037,78498
1000000,4,0.287781,0.104242,2.760697,0.690174,78498
1000000,4,0.283388,0.102456,2.765946,0.691486,78498
1000000,4,0.288067,0.097451,2.956016,0.739004,78498
1000000,4,0.281998,0.100477,2.806595,0.701649,78498
1000000,4,0.285735,0.097744,2.923294,0.730823,78498
1000000,4,0.287930,0.102575,2.807021,0.701755,78498
1000000,4,0.284954,0.097958,2.908944,0.727236,78498
1000000,4,0.289917,0.101234,2.863823,0.715956,78498
1000000,4,0.284867,0.098010,2.906519,0.726630,78498
1000000,4,0.283079,0.100739,2.810014,0.702503,78498
1000000,4,0.283059,0.100761,2.809210,0.702302,78498
1000000,4,0.280752,0.097233,2.887425,0.721856,78498
1000000,4,0.279664,0.098752,2.831980,0.707995,78498
1000000,4,0.292053,0.099650,2.930782,0.732695,78498
1000000,4,0.290452,0.102656,2.829384,0.707346,78498
1000000,4,0.284823,0.100606,2.831088,0.707772,78498
1000000,4,0.282370,0.098368,2.870545,0.717636,78498
1000000,4,0.283387,0.099784,2.840006,0.710002,78498
1000000,4,0.291963,0.102609,2.845378,0.711345,78498
1000000,4,0.281273,0.100353,2.802830,0.700708,78498
1000000,4,0.282112,0.103603,2.723022,0.680755,78498
1000000,4,0.282006,0.102106,2.761893,0.690473,78498
1000000,4,0.283248,0.100751,2.811364,0.702841,78498
1000000,4,0.280021,0.098925,2.830628,0.707657,78498
1000000,4,0.283569,0.098972,2.865156,0.716289,78498
1000000,4,0.283915,0.102980,2.756987,0.689247,78498
1000000,4,0.280517,0.102113,2.747139,0.686785,78498
1000000,4,0.281233,0.100525,2.797637,0.699409,78498
1000000,4,0.282590,0.097095,2.910459,0.727615,78498
1000000,4,0.284653,0.095652,2.975915,0.743979,78498
1000000,4,0.285724,0.098275,2.907409,0.726852,78498
1000000,4,0.280186,0.098282,2.850845,0.712711,78498
1000000,4,0.280439,0.099956,2.805632,0.701408,78498
1000000,4,0.280953,0.096841,2.901182,0.725295,78498
1000000,4,0.283188,0.101279,2.796129,0.699032,78498
1000000,4,0.285447,0.113429,2.516520,0.629130,78498
1000000,8,0.293429,0.100730,2.913020,0.364128,78498
1000000,8,0.290999,0.100478,2.896163,0.362020,78498
1000000,8,0.286645,0.102177,2.805381,0.350673,78498
1000000,8,0.281769,0.110114,2.558871,0.319859,78498
1000000,8,0.288573,0.101333,2.847779,0.355972,78498
1000000,8,0.289010,0.105326,2.743947,0.342993,78498
1000000,8,0.283275,0.105540,2.684043,0.335505,78498
1000000,8,0.289487,0.107852,2.684105,0.335513,78498
1000000,8,0.280569,0.104892,2.674841,0.334355,78498
1000000,8,0.281707,0.102516,2.747932,0.343492,78498
1000000,8,0.282319,0.100482,2.809641,0.351205,78498
1000000,8,0.280921,0.107871,2.604229,0.325529,78498
1000000,8,0.278112,0.106799,2.604081,0.325510,78498
1000000,8,0.282105,0.108367,2.603236,0.325405,78498
1000000,8,0.282350,0.105463,2.677243,0.334655,78498
1000000,8,0.282336,0.099798,2.829066,0.353633,78498
1000000,8,0.283394,0.108803,2.604663,0.325583,78498
1000000,8,0.282422,0.109357,2.582564,0.322821,78498
1000000,8,0.291868,0.108320,2.694491,0.336811,78498
1000000,8,0.281100,0.104222,2.697117,0.337140,78498
1000000,8,0.289544,0.109115,2.653556,0.331694,78498
1000000,8,0.282884,0.100728,2.808404,0.351051,78498
1000000,8,0.283517,0.107152,2.645935,0.330742,78498
1000000,8,0.283588,0.109294,2.594733,0.324342,78498
1000000,8,0.291580,0.104668,2.785769,0.348221,78498
1000000,8,0.283583,0.106977,2.650866,0.331358,78498
1000000,8,0.285024,0.103085,2.764943,0.345618,78498
1000000,8,0.281631,0.106784,2.637394,0.329674,78498
1000000,8,0.287475,0.099724,2.882708,0.360339,78498
1000000,8,0.282008,0.102300,2.756685,0.344586,78498
1000000,8,0.284961,0.105011,2.713624,0.339203,78498
1000000,8,0.288835,0.103571,2.788764,0.348596,78498
1000000,8,0.281527,0.104035,2.706071,0.338259,78498
1000000,8,0.283935,0.106848,2.657363,0.332170,78498
1000000,8,0.281161,0.105693,2.660160,0.332520,78498
1000000,8,0.284198,0.102484,2.773086,0.346636,78498
1000000,8,0.292794,0.103508,2.828702,0.353588,78498
1000000,8,0.282213,0.105584,2.672873,0.334109,78498
1000000,8,0.281060,0.103400,2.718178,0.339772,78498
1000000,8,0.282043,0.109966,2.564818,0.320602,78498
1000000,8,0.281130,0.101994,2.756333,0.344542,78498
1000000,8,0.283217,0.108831,2.602347,0.325293,78498
1000000,8,0.282848,0.111215,2.543241,0.317905,78498
1000000,8,0.277709,0.106634,2.604328,0.325541,78498
1000000,8,0.290720,0.102600,2.833522,0.354190,78498
1000000,8,0.281066,0.101485,2.769530,0.346191,78498
1000000,8,0.281072,0.103355,2.719479,0.339935,78498
1000000,8,0.282187,0.098829,2.855300,0.356912,78498
1000000,8,0.279832,0.107631,2.599927,0.324991,78498
1000000,8,0.284502,0.104231,2.729527,0.341191,78498
1000000,12,0.290618,0.112710,2.578468,0.214872,78498
1000000,12,0.281833,0.122067,2.308844,0.192404,78498
1000000,12,0.292470,0.114813,2.547365,0.212280,78498
1000000,12,0.282059,0.112354,2.510445,0.209204,78498
1000000,12,0.280413,0.121446,2.308945,0.192412,78498
1000000,12,0.283617,0.117639,2.410912,0.200909,78498
1000000,12,0.286977,0.122122,2.349910,0.195826,78498
1000000,12,0.280260,0.120601,2.323864,0.193655,78498
1000000,12,0.280867,0.113904,2.465821,0.205485,78498
1000000,12,0.282494,0.109643,2.576487,0.214707,78498
1000000,12,0.290315,0.124678,2.328520,0.194043,78498
1000000,12,0.276356,0.116060,2.381146,0.198429,78498
1000000,12,0.280855,0.115482,2.432034,0.202669,78498
1000000,12,0.283081,0.113388,2.496566,0.208047,78498
1000000,12,0.282520,0.125508,2.251020,0.187585,78498
1000000,12,0.282124,0.121287,2.326076,0.193840,78498
1000000,12,0.292172,0.117033,2.496494,0.208041,78498
1000000,12,0.284215,0.112660,2.522765,0.210230,78498
1000000,12,0.288282,0.124147,2.322110,0.193509,78498
1000000,12,0.292621,0.123698,2.365611,0.197134,78498
1000000,12,0.280384,0.121697,2.303956,0.191996,78498
1000000,12,0.289857,0.115731,2.504576,0.208715,78498
1000000,12,0.283078,0.114045,2.482148,0.206846,78498
1000000,12,0.283265,0.115603,2.450324,0.204194,78498
1000000,12,0.279747,0.113465,2.465486,0.205457,78498
1000000,12,0.282288,0.118066,2.390939,0.199245,78498
1000000,12,0.282786,0.118029,2.395909,0.199659,78498
1000000,12,0.281303,0.115745,2.430367,0.202531,78498
1000000,12,0.280243,0.112430,2.492596,0.207716,78498
1000000,12,0.280542,0.120032,2.337225,0.194769,78498
1000000,12,0.282051,0.125080,2.254975,0.187915,78498
1000000,12,0.284319,0.120430,2.360869,0.196739,78498
1000000,12,0.280134,0.120576,2.323288,0.193607,78498
1000000,12,0.282852,0.112168,2.521674,0.210140,78498
1000000,12,0.288800,0.117265,2.462784,0.205232,78498
1000000,12,0.282479,0.117741,2.399147,0.199929,78498
1000000,12,0.278577,0.119229,2.336480,0.194707,78498
1000000,12,0.283735,0.115468,2.457256,0.204771,78498
1000000,12,0.279133,0.117157,2.382559,0.198547,78498
1000000,12,0.279789,0.121103,2.310347,0.192529,78498
1000000,12,0.283259,0.115955,2.442823,0.203569,78498
1000000,12,0.282371,0.120239,2.348418,0.195701,78498
1000000,12,0.284683,0.123938,2.296969,0.191414,78498
1000000,12,0.281329,0.118106,2.382012,0.198501,78498
1000000,12,0.283451,0.118693,2.388094,0.199008,78498
1000000,12,0.289751,0.115197,2.515278,0.209607,78498
1000000,12,0.283394,0.113601,2.494634,0.207886,78498
1000000,12,0.286478,0.113555,2.522808,0.210234,78498
1000000,12,0.288535,0.121249,2.379682,0.198307,78498
1000000,12,0.283640,0.121094,2.342306,0.195192,78498
1000000,16,0.279942,0.116769,2.397395,0.149837,78498
1000000,16,0.285252,0.124435,2.292375,0.143273,78498
1000000,16,0.287531,0.122147,2.353983,0.147124,78498
1000000,16,0.286517,0.116929,2.450359,0.153147,78498
1000000,16,0.282730,0.118323,2.389485,0.149343,78498
1000000,16,0.284670,0.125127,2.275052,0.142191,78498
1000000,16,0.283909,0.118704,2.391745,0.149484,78498
1000000,16,0.290678,0.123203,2.359340,0.147459,78498
1000000,16,0.284003,0.119921,2.368242,0.148015,78498
1000000,16,0.283179,0.115975,2.441727,0.152608,78498
1000000,16,0.283569,0.125237,2.264263,0.141516,78498
1000000,16,0.284076,0.124856,2.275226,0.142202,78498
1000000,16,0.287309,0.126955,2.263083,0.141443,78498
1000000,16,0.281806,0.112894,2.496199,0.156012,78498
1000000,16,0.282363,0.116356,2.426705,0.151669,78498
1000000,16,0.284591,0.111709,2.547621,0.159226,78498
1000000,16,0.283121,0.111940,2.529217,0.158076,78498
1000000,16,0.292117,0.126183,2.315018,0.144689,78498
1000000,16,0.282387,0.122574,2.303810,0.143988,78498
1000000,16,0.289216,0.117867,2.453740,0.153359,78498
1000000,16,0.284707,0.118770,2.397124,0.149820,78498
1000000,16,0.286153,0.121758,2.350191,0.146887,78498
1000000,16,0.300061,0.120333,2.493594,0.155850,78498
1000000,16,0.289388,0.120812,2.395351,0.149709,78498
1000000,16,0.281733,0.112544,2.503316,0.156457,78498
1000000,16,0.295445,0.117207,2.520701,0.157544,78498
1000000,16,0.279459,0.121981,2.291000,0.143188,78498
1000000,16,0.280300,0.121567,2.305719,0.144107,78498
1000000,16,0.278882,0.121677,2.291986,0.143249,78498
1000000,16,0.282672,0.119874,2.358070,0.147379,78498
1000000,16,0.281725,0.113777,2.476108,0.154757,78498
1000000,16,0.283794,0.114068,2.487937,0.155496,78498
1000000,16,0.280018,0.126197,2.218906,0.138682,78498
1000000,16,0.280441,0.116594,2.405267,0.150329,78498
1000000,16,0.280232,0.122705,2.283788,0.142737,78498
1000000,16,0.280122,0.118680,2.360304,0.147519,78498
1000000,16,0.279922,0.126206,2.217969,0.138623,78498
1000000,16,0.277448,0.120364,2.305070,0.144067,78498
1000000,16,0.280173,0.117697,2.380472,0.148780,78498
1000000,16,0.283960,0.122086,2.325909,0.145369,78498
1000000,16,0.281946,0.126437,2.229928,0.139370,78498
1000000,16,0.281052,0.118313,2.375502,0.148469,78498
1000000,16,0.281481,0.121749,2.311983,0.144499,78498
1000000,16,0.281913,0.117745,2.394254,0.149641,78498
1000000,16,0.292444,0.119231,2.452752,0.153297,78498
1000000,16,0.280890,0.122934,2.284897,0.142806,78498
1000000,16,0.282350,0.118044,2.391915,0.149495,78498
1000000,16,0.284174,0.112204,2.532659,0.158291,78498
1000000,16,0.283131,0.117100,2.417863,0.151116,78498
1000000,16,0.293786,0.118329,2.482792,0.155175,78498
15000000,1,12.517816,12.417291,1.008096,1.008096,970704
15000000,1,12.393760,12.689281,0.976711,0.976711,970704
15000000,1,12.610246,12.878842,0.979144,0.979144,970704
15000000,1,12.737572,12.470485,1.021418,1.021418,970704
15000000,1,12.466754,12.462951,1.000305,1.000305,970704
15000000,1,12.743747,11.897019,1.071171,1.071171,970704
15000000,1,11.594869,11.783301,0.984009,0.984009,970704
15000000,1,11.861617,11.741568,1.010224,1.010224,970704
15000000,1,11.778950,11.561461,1.018812,1.018812,970704
15000000,1,11.772234,11.782679,0.999114,0.999114,970704
15000000,1,11.771417,11.552370,1.018961,1.018961,970704
15000000,1,11.778725,11.571471,1.017911,1.017911,970704
15000000,1,11.658095,11.574999,1.007179,1.007179,970704
15000000,1,11.772173,11.772898,0.999938,0.999938,970704
15000000,1,11.564173,11.559600,1.000396,1.000396,970704
15000000,1,11.664007,11.973863,0.974122,0.974122,970704
15000000,1,11.584724,11.775184,0.983825,0.983825,970704
15000000,1,11.852224,11.780629,1.006077,1.006077,970704
15000000,1,11.566036,11.574075,0.999305,0.999305,970704
15000000,1,11.569413,11.563100,1.000546,1.000546,970704
15000000,1,11.774865,11.568381,1.017849,1.017849,970704
15000000,1,11.783098,11.557687,1.019503,1.019503,970704
15000000,1,11.556597,11.780833,0.980966,0.980966,970704
15000000,1,11.683724,11.562058,1.010523,1.010523,970704
15000000,1,11.788295,11.565259,1.019285,1.019285,970704
15000000,1,11.774055,11.569684,1.017664,1.017664,970704
15000000,1,11.774770,11.773244,1.000130,1.000130,970704
15000000,1,11.555235,11.776428,0.981217,0.981217,970704
15000000,1,11.778310,11.779010,0.999941,0.999941,970704
15000000,1,11.778223,11.559386,1.018932,1.018932,970704
15000000,1,11.561012,11.765091,0.982654,0.982654,970704
15000000,1,11.769566,11.777547,0.999322,0.999322,970704
15000000,1,11.767603,11.555240,1.018378,1.018378,970704
15000000,1,11.550336,11.576726,0.997720,0.997720,970704
15000000,1,11.772704,11.566864,1.017796,1.017796,970704
15000000,1,11.781851,11.578609,1.017553,1.017553,970704
15000000,1,11.565690,11.776667,0.982085,0.982085,970704
15000000,1,11.575824,11.789440,0.981881,0.981881,970704
15000000,1,11.565311,11.780005,0.981775,0.981775,970704
15000000,1,11.579698,11.772245,0.983644,0.983644,970704
15000000,1,11.777878,11.778159,0.999976,0.999976,970704
15000000,1,11.772502,11.774120,0.999863,0.999863,970704
15000000,1,11.766691,11.579951,1.016126,1.016126,970704
15000000,1,11.623291,11.776476,0.986992,0.986992,970704
15000000,1,11.774438,11.565335,1.018080,1.018080,970704
15000000,1,11.766607,11.772888,0.999466,0.999466,970704
15000000,1,11.783921,11.786855,0.999751,0.999751,970704
15000000,1,11.778644,11.605189,1.014946,1.014946,970704
15000000,1,11.977055,11.787019,1.016122,1.016122,970704
15000000,1,11.782447,11.579627,1.017515,1.017515,970704
15000000,2,11.583752,6.171769,1.876893,0.938447,970704
15000000,2,11.612966,6.057261,1.917197,0.958599,970704
15000000,2,11.588438,6.113460,1.895561,0.947781,970704
15000000,2,11.585725,6.072598,1.907870,0.953935,970704
15000000,2,11.778850,6.015914,1.957948,0.978974,970704
15000000,2,11.591177,6.209093,1.866807,0.933403,970704
15000000,2,11.595802,6.085854,1.905370,0.952685,970704
15000000,2,11.784763,6.031618,1.953831,0.976916,970704
15000000,2,11.793175,6.052399,1.948513,0.974256,970704
15000000,2,11.627573,6.119575,1.900062,0.950031,970704
15000000,2,11.615358,6.122922,1.897029,0.948514,970704
15000000,2,11.702538,6.138678,1.906361,0.953181,970704
15000000,2,11.578547,6.213076,1.863577,0.931789,970704
15000000,2,11.646580,6.121808,1.902474,0.951237,970704
15000000,2,11.556647,6.095334,1.895983,0.947991,970704
15000000,2,11.569378,6.116985,1.891353,0.945676,970704
15000000,2,11.774584,6.094292,1.932068,0.966034,970704
15000000,2,11.768571,6.111692,1.925583,0.962792,970704
15000000,2,11.772091,6.087812,1.933715,0.966857,970704
15000000,2,11.772902,6.092487,1.932364,0.966182,970704
15000000,2,11.774893,6.191832,1.901682,0.950841,970704
15000000,2,11.571044,6.088834,1.900371,0.950185,970704
15000000,2,11.611728,6.120427,1.897209,0.948604,970704
15000000,2,11.567642,6.179927,1.871809,0.935904,970704
15000000,2,11.770617,6.117133,1.924205,0.962102,970704
15000000,2,11.567252,6.077989,1.903138,0.951569,970704
15000000,2,11.776033,6.104416,1.929101,0.964550,970704
15000000,2,11.779561,6.220394,1.893700,0.946850,970704
15000000,2,11.800133,6.106055,1.932530,0.966265,970704
15000000,2,11.566513,6.098921,1.896485,0.948243,970704
15000000,2,11.779587,5.971423,1.972660,0.986330,970704
15000000,2,11.565649,6.099671,1.896110,0.948055,970704
15000000,2,11.776647,6.106915,1.928412,0.964206,970704
15000000,2,11.765087,6.095080,1.930260,0.965130,970704
15000000,2,11.780219,6.108114,1.928618,0.964309,970704
15000000,2,11.575784,6.035704,1.917885,0.958942,970704
15000000,2,11.772219,6.076180,1.937437,0.968719,970704
15000000,2,11.772526,6.093159,1.932089,0.966045,970704
15000000,2,11.614064,6.091079,1.906733,0.953367,970704
15000000,2,11.785972,6.105524,1.930378,0.965189,970704
15000000,2,11.772037,6.106921,1.927655,0.963827,970704
15000000,2,11.776260,6.101974,1.929910,0.964955,970704
15000000,2,11.803884,6.093164,1.937234,0.968617,970704
15000000,2,11.780076,6.036097,1.951605,0.975802,970704
15000000,2,11.560803,6.061467,1.907262,0.953631,970704
15000000,2,11.567067,6.082036,1.901841,0.950921,970704
15000000,2,11.561781,6.078173,1.902180,0.951090,970704
15000000,2,11.568907,6.092983,1.898726,0.949363,970704
15000000,2,11.774148,6.087053,1.934294,0.967147,970704
15000000,2,11.561076,6.207413,1.862463,0.931231,970704
15000000,4,11.569298,3.259004,3.549949,0.887487,970704
15000000,4,11.781487,3.214908,3.664642,0.916161,970704
15000000,4,11.777170,3.285197,3.584921,0.896230,970704
15000000,4,11.559819,3.240282,3.567535,0.891884,970704
15000000,4,11.564147,3.247088,3.561390,0.890348,970704
15000000,4,11.765084,3.247319,3.623014,0.905754,970704
15000000,4,11.567868,3.232320,3.578813,0.894703,970704
15000000,4,11.555238,3.274605,3.528743,0.882186,970704
15000000,4,11.776848,3.260251,3.612252,0.903063,970704
15000000,4,11.778954,3.220896,3.657042,0.914261,970704
15000000,4,11.561929,3.253558,3.553627,0.888407,970704
15000000,4,11.597558,3.276438,3.539685,0.884921,970704
15000000,4,11.768289,3.255733,3.614636,0.903659,970704
15000000,4,11.773556,3.261875,3.609444,0.902361,970704
15000000,4,11.570264,3.245513,3.565003,0.891251,970704
15000000,4,11.562551,3.229019,3.580825,0.895206,970704
15000000,4,11.767849,3.264949,3.604298,0.901074,970704
15000000,4,11.772441,3.259332,3.611918,0.902980,970704
15000000,4,11.560067,3.264364,3.541292,0.885323,970704
15000000,4,11.563458,3.254487,3.553082,0.888270,970704
15000000,4,11.561511,3.255232,3.551671,0.887918,970704
15000000,4,11.777901,3.255742,3.617578,0.904395,970704
15000000,4,11.774418,3.253218,3.619314,0.904829,970704
15000000,4,11.774568,3.244826,3.628720,0.907180,970704
15000000,4,11.770253,3.265864,3.604025,0.901006,970704
15000000,4,11.573571,3.276258,3.532558,0.883139,970704
15000000,4,11.771143,3.261090,3.609574,0.902393,970704
15000000,4,11.771883,3.263038,3.607645,0.901911,970704
15000000,4,11.769264,3.282094,3.585901,0.896475,970704
15000000,4,11.775375,3.269243,3.601866,0.900467,970704
15000000,4,11.663612,3.234544,3.605952,0.901488,970704
15000000,4,11.775338,3.259300,3.612842,0.903211,970704
15000000,4,11.797702,3.271216,3.606519,0.901630,970704
15000000,4,11.774609,3.257858,3.614218,0.903554,970704
15000000,4,11.792414,3.279282,3.596035,0.899009,970704
15000000,4,11.578936,3.232730,3.581783,0.895446,970704
15000000,4,11.777701,3.252609,3.621002,0.905250,970704
15000000,4,11.777653,3.234573,3.641177,0.910294,970704
15000000,4,11.779370,3.264493,3.608330,0.902083,970704
15000000,4,11.773206,3.283540,3.585522,0.896380,970704
15000000,4,11.774565,3.262751,3.608784,0.902196,970704
15000000,4,11.772980,3.258547,3.612954,0.903239,970704
15000000,4,11.776716,3.269130,3.602401,0.900600,970704
15000000,4,11.572817,3.288876,3.518775,0.879694,970704
15000000,4,11.573138,3.248308,3.562820,0.890705,970704
15000000,4,11.778619,3.274681,3.596875,0.899219,970704
15000000,4,11.675136,3.251812,3.590348,0.897587,970704
15000000,4,11.774222,3.272459,3.597974,0.899494,970704
15000000,4,11.769196,3.268774,3.600492,0.900123,970704
15000000,4,11.580192,3.275012,3.535923,0.883981,970704
15000000,8,11.567971,2.289256,5.053157,0.631645,970704
15000000,8,11.773604,2.325368,5.063115,0.632889,970704
15000000,8,11.971179,2.276389,5.258845,0.657356,970704
15000000,8,11.818724,2.300211,5.138105,0.642263,970704
15000000,8,11.819596,2.288240,5.165366,0.645671,970704
15000000,8,11.749679,2.280719,5.151744,0.643968,970704
15000000,8,11.844545,2.298320,5.153567,0.644196,970704
15000000,8,11.672850,2.290175,5.096926,0.637116,970704
15000000,8,11.644410,2.271112,5.127185,0.640898,970704
15000000,8,11.770264,2.303531,5.109661,0.638708,970704
15000000,8,11.773066,2.269628,5.187222,0.648403,970704
15000000,8,11.664769,2.289321,5.095297,0.636912,970704
15000000,8,11.771082,2.268800,5.188242,0.648530,970704
15000000,8,11.770257,2.293882,5.131152,0.641394,970704
15000000,8,11.560242,2.290646,5.046716,0.630840,970704
15000000,8,11.561378,2.251521,5.134919,0.641865,970704
15000000,8,11.621416,2.274906,5.108525,0.638566,970704
15000000,8,11.774970,2.296371,5.127643,0.640955,970704
15000000,8,11.767398,2.280603,5.159775,0.644972,970704
15000000,8,11.569630,2.277025,5.081029,0.635129,970704
15000000,8,11.765775,2.274913,5.171968,0.646496,970704
15000000,8,11.598464,2.274228,5.099956,0.637494,970704
15000000,8,11.601959,2.295668,5.053848,0.631731,970704
15000000,8,11.771901,2.271703,5.181971,0.647746,970704
15000000,8,11.954543,2.324456,5.142942,0.642868,970704
15000000,8,11.794974,2.290861,5.148708,0.643588,970704
15000000,8,11.780244,2.296801,5.128978,0.641122,970704
15000000,8,11.624219,2.275651,5.108085,0.638511,970704
15000000,8,11.772649,2.268988,5.188502,0.648563,970704
15000000,8,11.778798,2.281325,5.163139,0.645392,970704
15000000,8,11.772550,2.303430,5.110879,0.638860,970704
15000000,8,11.778511,2.262577,5.205794,0.650724,970704
15000000,8,11.776250,2.287433,5.148239,0.643530,970704
15000000,8,11.781470,2.266017,5.199197,0.649900,970704
15000000,8,12.168080,2.726391,4.463073,0.557884,970704
15000000,8,13.881095,2.375884,5.842497,0.730312,970704
15000000,8,12.698473,2.368021,5.362482,0.670310,970704
15000000,8,12.108472,2.302734,5.258303,0.657288,970704
15000000,8,11.841195,2.314691,5.115669,0.639459,970704
15000000,8,11.872901,2.265113,5.241638,0.655205,970704
15000000,8,11.750360,2.281257,5.150827,0.643853,970704
15000000,8,11.802578,2.291095,5.151502,0.643938,970704
15000000,8,11.814316,2.257071,5.234358,0.654295,970704
15000000,8,11.791605,2.262158,5.212548,0.651568,970704
15000000,8,11.688815,2.263158,5.164824,0.645603,970704
15000000,8,11.793244,2.287893,5.154632,0.644329,970704
15000000,8,11.787056,2.324183,5.071484,0.633935,970704
15000000,8,12.542597,2.366477,5.300113,0.662514,970704
15000000,8,12.505752,2.399038,5.212820,0.651602,970704
15000000,8,12.337598,2.294432,5.377191,0.672149,970704
15000000,12,12.352120,2.175434,5.678001,0.473167,970704
15000000,12,12.272170,2.165601,5.666866,0.472239,970704
15000000,12,12.334729,2.126684,5.799983,0.483332,970704
15000000,12,12.675944,2.174226,5.830094,0.485841,970704
15000000,12,12.284513,2.160145,5.686892,0.473908,970704
15000000,12,13.041891,2.145284,6.079332,0.506611,970704
15000000,12,12.501039,2.282261,5.477480,0.456457,970704
15000000,12,12.806164,2.208598,5.798323,0.483194,970704
15000000,12,12.490641,2.128311,5.868805,0.489067,970704
15000000,12,12.636270,2.201969,5.738622,0.478219,970704
15000000,12,12.980091,2.187064,5.934938,0.494578,970704
15000000,12,12.105174,2.352009,5.146737,0.428895,970704
15000000,12,12.269899,2.155652,5.691968,0.474331,970704
15000000,12,12.228628,2.175040,5.622254,0.468521,970704
15000000,12,12.744863,2.234282,5.704231,0.475353,970704
15000000,12,12.369788,2.108535,5.866531,0.488878,970704
15000000,12,11.952693,2.113430,5.655590,0.471299,970704
15000000,12,11.920927,2.116485,5.632417,0.469368,970704
15000000,12,11.751739,2.142753,5.484411,0.457034,970704
15000000,12,12.086906,2.157349,5.602667,0.466889,970704
15000000,12,12.159415,2.087894,5.823771,0.485314,970704
15000000,12,12.008447,2.104645,5.705688,0.475474,970704
15000000,12,11.705109,2.099446,5.575333,0.464611,970704
15000000,12,12.443008,2.122923,5.861263,0.488439,970704
15000000,12,11.848165,2.108336,5.619677,0.468306,970704
15000000,12,11.708093,2.094322,5.590397,0.465866,970704
15000000,12,11.995618,2.109135,5.687460,0.473955,970704
15000000,12,12.059876,2.123323,5.679718,0.473310,970704
15000000,12,11.783216,2.103405,5.601973,0.466831,970704
15000000,12,11.999709,2.124566,5.648076,0.470673,970704
15000000,12,11.687711,2.102739,5.558328,0.463194,970704
15000000,12,11.612951,2.090111,5.556141,0.463012,970704
15000000,12,11.707124,2.143588,5.461461,0.455122,970704
15000000,12,11.636817,2.128859,5.466221,0.455518,970704
15000000,12,11.814441,2.118854,5.575863,0.464655,970704
15000000,12,11.894778,2.131362,5.580835,0.465070,970704
15000000,12,12.556950,2.142841,5.859955,0.488330,970704
15000000,12,12.460073,2.190727,5.687643,0.473970,970704
15000000,12,12.409987,2.116865,5.862437,0.488536,970704
15000000,12,12.311977,2.124865,5.794241,0.482853,970704
15000000,12,12.406700,2.116425,5.862102,0.488509,970704
15000000,12,11.864186,2.120939,5.593837,0.466153,970704
15000000,12,12.067818,2.116723,5.701178,0.475098,970704
15000000,12,11.663660,2.120076,5.501528,0.458461,970704
15000000,12,12.023016,2.105557,5.710135,0.475845,970704
15000000,12,11.815175,2.135874,5.531775,0.460981,970704
15000000,12,11.913268,2.131959,5.587943,0.465662,970704
15000000,12,11.824767,2.130927,5.549119,0.462427,970704
15000000,12,11.812380,2.084878,5.665741,0.472145,970704
15000000,12,11.833918,2.113100,5.600264,0.466689,970704
15000000,16,11.890863,2.106412,5.645078,0.352817,970704
15000000,16,11.852284,2.108825,5.620326,0.351270,970704
15000000,16,11.892816,2.139348,5.559084,0.347443,970704
15000000,16,11.808061,2.121285,5.566465,0.347904,970704
15000000,16,11.851400,2.087306,5.677846,0.354865,970704
15000000,16,11.834774,2.139363,5.531914,0.345745,970704
15000000,16,11.873244,2.094008,5.670104,0.354382,970704
15000000,16,11.815846,2.122278,5.567531,0.347971,970704
15000000,16,11.901854,2.118296,5.618599,0.351162,970704
15000000,16,11.843234,2.088913,5.669569,0.354348,970704
15000000,16,11.800384,2.140191,5.513705,0.344607,970704
15000000,16,11.631486,2.136395,5.444446,0.340278,970704
15000000,16,12.138317,2.154569,5.633756,0.352110,970704
15000000,16,12.126669,2.126779,5.701893,0.356368,970704
15000000,16,11.674992,2.090511,5.584756,0.349047,970704
15000000,16,11.841040,2.106381,5.621510,0.351344,970704
15000000,16,11.666411,2.160739,5.399269,0.337454,970704
15000000,16,11.834928,2.150769,5.502650,0.343916,970704
15000000,16,11.670630,2.145761,5.438924,0.339933,970704
15000000,16,11.782701,2.104782,5.598061,0.349879,970704
15000000,16,11.868102,2.129098,5.574239,0.348390,970704
15000000,16,11.837478,2.106333,5.619945,0.351247,970704
15000000,16,11.788574,2.093597,5.630775,0.351923,970704
15000000,16,11.782355,2.131605,5.527458,0.345466,970704
15000000,16,11.791668,2.129688,5.536805,0.346050,970704
15000000,16,11.647327,2.127358,5.475019,0.342189,970704
15000000,16,11.722484,2.144216,5.467026,0.341689,970704
15000000,16,12.033125,2.118081,5.681146,0.355072,970704
15000000,16,11.902018,2.153132,5.527769,0.345486,970704
15000000,16,11.859643,2.095464,5.659675,0.353730,970704
15000000,16,11.841367,2.121076,5.582717,0.348920,970704
15000000,16,11.929108,2.106495,5.663013,0.353938,970704
15000000,16,11.761300,2.099802,5.601147,0.350072,970704
15000000,16,11.824869,2.130921,5.549181,0.346824,970704
15000000,16,12.073114,2.124830,5.681921,0.355120,970704
15000000,16,11.865337,2.158383,5.497327,0.343583,970704
15000000,16,11.893546,2.088089,5.695901,0.355994,970704
15000000,16,11.793092,2.117407,5.569593,0.348100,970704
15000000,16,11.941260,2.183304,5.469353,0.341835,970704
15000000,16,12.145788,2.143136,5.667297,0.354206,970704
15000000,16,11.893768,2.136552,5.566806,0.347925,970704
15000000,16,11.802232,2.104174,5.608962,0.350560,970704
15000000,16,11.862233,2.154831,5.504949,0.344059,970704
15000000,16,11.888601,2.114368,5.622769,0.351423,970704
15000000,16,12.215767,2.092662,5.837430,0.364839,970704
15000000,16,11.925036,2.112332,5.645436,0.352840,970704
15000000,16,11.905806,2.104896,5.656244,0.353515,970704
15000000,16,11.850736,2.137057,5.545352,0.346585,970704
15000000,16,11.801449,2.154324,5.478030,0.342377,970704
15000000,16,11.974034,2.085689,5.741044,0.358815,970704
